-- MySQL Script generated by MySQL Workbench
-- Thu Jul 27 14:12:06 2017
-- Model: New Model    Version: 1.0
-- MySQL Workbench Forward Engineering

SET @OLD_UNIQUE_CHECKS=@@UNIQUE_CHECKS, UNIQUE_CHECKS=0;
SET @OLD_FOREIGN_KEY_CHECKS=@@FOREIGN_KEY_CHECKS, FOREIGN_KEY_CHECKS=0;
SET @OLD_SQL_MODE=@@SQL_MODE, SQL_MODE='TRADITIONAL,ALLOW_INVALID_DATES';

-- -----------------------------------------------------
-- Schema mathonline
-- -----------------------------------------------------

-- -----------------------------------------------------
-- Schema mathonline
-- -----------------------------------------------------
CREATE SCHEMA IF NOT EXISTS `mathonline` DEFAULT CHARACTER SET utf8 ;
USE `mathonline` ;

-- -----------------------------------------------------
-- Table `mathonline`.`unit_uam`
-- -----------------------------------------------------
CREATE TABLE IF NOT EXISTS `mathonline`.`unit_uam` (
  `id_unit_uam` INT NOT NULL AUTO_INCREMENT,
  `name` VARCHAR(250) NOT NULL,
  `status` TINYINT NOT NULL DEFAULT 1,
  PRIMARY KEY (`id_unit_uam`))
ENGINE = InnoDB;


-- -----------------------------------------------------
-- Table `mathonline`.`degree`
-- -----------------------------------------------------
CREATE TABLE IF NOT EXISTS `mathonline`.`degree` (
  `id_degree` INT NOT NULL AUTO_INCREMENT,
  `id_unit_uam` INT NOT NULL,
  `division` VARCHAR(4) NOT NULL,
  `degree` VARCHAR(500) NOT NULL,
  `status` TINYINT NOT NULL DEFAULT 1,
  PRIMARY KEY (`id_degree`),
  INDEX `fk_degree_unit_uam1_idx` (`id_unit_uam` ASC),
  CONSTRAINT `fk_degree_unit_uam1`
    FOREIGN KEY (`id_unit_uam`)
    REFERENCES `mathonline`.`unit_uam` (`id_unit_uam`)
    ON DELETE NO ACTION
    ON UPDATE NO ACTION)
ENGINE = InnoDB;


-- -----------------------------------------------------
-- Table `mathonline`.`avatar`
-- -----------------------------------------------------
CREATE TABLE IF NOT EXISTS `mathonline`.`avatar` (
  `id_avatar` INT NOT NULL AUTO_INCREMENT,
  `name` VARCHAR(250) NOT NULL,
  `gender` INT NOT NULL,
  `location` VARCHAR(500) NOT NULL,
  `status` TINYINT NOT NULL DEFAULT 1,
  PRIMARY KEY (`id_avatar`))
ENGINE = InnoDB;


-- -----------------------------------------------------
-- Table `mathonline`.`user`
-- -----------------------------------------------------
CREATE TABLE IF NOT EXISTS `mathonline`.`user` (
  `id_user` INT NOT NULL AUTO_INCREMENT,
  `user_name` VARCHAR(250) NOT NULL,
  `password` LONGTEXT NOT NULL,
  `type_user` INT NOT NULL COMMENT '1.- Administrador\n2.- CCC\n3.- Alumno/Usuario',
  `id_avatar` INT NOT NULL,
  `name` VARCHAR(250) NULL,
  `last_name` VARCHAR(250) NULL,
  `sex` INT NULL COMMENT '1.- Hombre\n2.- Mujer',
  `year_birthday` INT NULL,
  `email` VARCHAR(250) NOT NULL,
  `id_degree` INT NOT NULL,
  `uam_identifier` VARCHAR(15) NULL,
  `is_student` TINYINT NULL,
  `is_employed` TINYINT NULL,
  `registration_date` DATETIME NOT NULL,
  `total_score` INT NULL DEFAULT 0,
  `status` TINYINT NOT NULL DEFAULT 0,
  PRIMARY KEY (`id_user`),
  INDEX `fk_user_degree1_idx` (`id_degree` ASC),
  INDEX `fk_user_avatar1_idx` (`id_avatar` ASC),
  CONSTRAINT `fk_user_degree1`
    FOREIGN KEY (`id_degree`)
    REFERENCES `mathonline`.`degree` (`id_degree`)
    ON DELETE NO ACTION
    ON UPDATE NO ACTION,
  CONSTRAINT `fk_user_avatar1`
    FOREIGN KEY (`id_avatar`)
    REFERENCES `mathonline`.`avatar` (`id_avatar`)
    ON DELETE NO ACTION
    ON UPDATE NO ACTION)
ENGINE = InnoDB;


-- -----------------------------------------------------
-- Table `mathonline`.`theme`
-- -----------------------------------------------------
CREATE TABLE IF NOT EXISTS `mathonline`.`theme` (
  `id_theme` INT NOT NULL AUTO_INCREMENT,
  `theme` VARCHAR(250) NOT NULL,
  `status` TINYINT NOT NULL,
  PRIMARY KEY (`id_theme`))
ENGINE = InnoDB;


-- -----------------------------------------------------
-- Table `mathonline`.`subtopic`
-- -----------------------------------------------------
CREATE TABLE IF NOT EXISTS `mathonline`.`subtopic` (
  `id_subtopic` INT NOT NULL AUTO_INCREMENT,
  `id_theme` INT NOT NULL,
  `subtopic` VARCHAR(250) NOT NULL,
  `status` TINYINT NOT NULL,
  PRIMARY KEY (`id_subtopic`),
  INDEX `fk_subtopic_theme_idx` (`id_theme` ASC),
  CONSTRAINT `fk_subtopic_theme`
    FOREIGN KEY (`id_theme`)
    REFERENCES `mathonline`.`theme` (`id_theme`)
    ON DELETE NO ACTION
    ON UPDATE NO ACTION)
ENGINE = InnoDB;


-- -----------------------------------------------------
-- Table `mathonline`.`tutorial`
-- -----------------------------------------------------
CREATE TABLE IF NOT EXISTS `mathonline`.`tutorial` (
  `id_tutorial` INT NOT NULL AUTO_INCREMENT,
  `id_subtopic` INT NOT NULL,
  `tutorial` VARCHAR(250) NOT NULL,
  `status` TINYINT NOT NULL,
  PRIMARY KEY (`id_tutorial`),
  INDEX `fk_tutorial_subtopic1_idx` (`id_subtopic` ASC),
  CONSTRAINT `fk_tutorial_subtopic1`
    FOREIGN KEY (`id_subtopic`)
    REFERENCES `mathonline`.`subtopic` (`id_subtopic`)
    ON DELETE NO ACTION
    ON UPDATE NO ACTION)
ENGINE = InnoDB;


-- -----------------------------------------------------
-- Table `mathonline`.`blog_tutorials`
-- -----------------------------------------------------
CREATE TABLE IF NOT EXISTS `mathonline`.`blog_tutorials` (
  `id_blog_tutorials` INT NOT NULL AUTO_INCREMENT,
  `id_user` INT NOT NULL,
  `id_tutorial` INT NOT NULL,
  `time_finish` INT NOT NULL COMMENT 'In seconds',
  `tutorial_date` DATETIME NOT NULL,
  `status` TINYINT NOT NULL DEFAULT 1,
  PRIMARY KEY (`id_blog_tutorials`, `id_user`, `id_tutorial`),
  INDEX `fk_user_has_tutorial_tutorial1_idx` (`id_tutorial` ASC),
  INDEX `fk_user_has_tutorial_user1_idx` (`id_user` ASC),
  CONSTRAINT `fk_user_has_tutorial_user1`
    FOREIGN KEY (`id_user`)
    REFERENCES `mathonline`.`user` (`id_user`)
    ON DELETE NO ACTION
    ON UPDATE NO ACTION,
  CONSTRAINT `fk_user_has_tutorial_tutorial1`
    FOREIGN KEY (`id_tutorial`)
    REFERENCES `mathonline`.`tutorial` (`id_tutorial`)
    ON DELETE NO ACTION
    ON UPDATE NO ACTION)
ENGINE = InnoDB;


-- -----------------------------------------------------
-- Table `mathonline`.`evaluation`
-- -----------------------------------------------------
CREATE TABLE IF NOT EXISTS `mathonline`.`evaluation` (
  `id_evaluation` INT NOT NULL AUTO_INCREMENT,
  `id_subtopic` INT NOT NULL,
  `question` LONGTEXT NOT NULL,
  `correct_answer` LONGTEXT NOT NULL,
  `wrong_answer_a` LONGTEXT NOT NULL,
  `wrong_answer_b` LONGTEXT NOT NULL,
  `wrong_answer_c` LONGTEXT NOT NULL,
  `points` INT NOT NULL,
  `status` TINYINT NOT NULL DEFAULT 1,
  PRIMARY KEY (`id_evaluation`),
  INDEX `fk_evaluation_tests_subtopic1_idx` (`id_subtopic` ASC),
  CONSTRAINT `fk_evaluation_tests_subtopic1`
    FOREIGN KEY (`id_subtopic`)
    REFERENCES `mathonline`.`subtopic` (`id_subtopic`)
    ON DELETE NO ACTION
    ON UPDATE NO ACTION)
ENGINE = InnoDB;


-- -----------------------------------------------------
-- Table `mathonline`.`evaluation_test_log`
-- -----------------------------------------------------
CREATE TABLE IF NOT EXISTS `mathonline`.`evaluation_test_log` (
  `id_evaluation_test_log` INT NOT NULL AUTO_INCREMENT,
  `id_user` INT NOT NULL,
  `id_theme` INT NOT NULL,
  `time_finish` INT NOT NULL,
  `score` INT NOT NULL,
  `evaluation_date` DATETIME NOT NULL,
  `status` TINYINT NOT NULL DEFAULT 1,
  PRIMARY KEY (`id_evaluation_test_log`),
  INDEX `fk_evaluation_test_log_theme1_idx` (`id_theme` ASC),
  INDEX `fk_evaluation_test_log_user1_idx` (`id_user` ASC),
  CONSTRAINT `fk_evaluation_test_log_theme1`
    FOREIGN KEY (`id_theme`)
    REFERENCES `mathonline`.`theme` (`id_theme`)
    ON DELETE NO ACTION
    ON UPDATE NO ACTION,
  CONSTRAINT `fk_evaluation_test_log_user1`
    FOREIGN KEY (`id_user`)
    REFERENCES `mathonline`.`user` (`id_user`)
    ON DELETE NO ACTION
    ON UPDATE NO ACTION)
ENGINE = InnoDB;


-- -----------------------------------------------------
-- Table `mathonline`.`monthly_theme`
-- -----------------------------------------------------
CREATE TABLE IF NOT EXISTS `mathonline`.`monthly_theme` (
  `id_monthly_theme` INT NOT NULL AUTO_INCREMENT,
  `id_user` INT NOT NULL,
  `mounth` INT NOT NULL COMMENT '1.- Enero\n2.- Febrero\n3.- Marzo\n12.- Diciembre',
  `title` VARCHAR(500) NOT NULL,
  `description` LONGTEXT NOT NULL,
  `image` VARCHAR(500) NULL,
  `url_video` VARCHAR(250) NULL,
  `status` TINYINT NOT NULL DEFAULT 1,
  PRIMARY KEY (`id_monthly_theme`),
  INDEX `fk_monthly_theme_user1_idx` (`id_user` ASC),
  CONSTRAINT `fk_monthly_theme_user1`
    FOREIGN KEY (`id_user`)
    REFERENCES `mathonline`.`user` (`id_user`)
    ON DELETE NO ACTION
    ON UPDATE NO ACTION)
ENGINE = InnoDB;


-- -----------------------------------------------------
-- Table `mathonline`.`links_interest`
-- -----------------------------------------------------
CREATE TABLE IF NOT EXISTS `mathonline`.`links_interest` (
  `id_links_interest` INT NOT NULL AUTO_INCREMENT,
  `id_user` INT NOT NULL,
  `title` VARCHAR(500) NOT NULL,
  `description` LONGTEXT NOT NULL,
  `link` LONGTEXT NOT NULL,
  `status` TINYINT NOT NULL DEFAULT 1,
  PRIMARY KEY (`id_links_interest`),
  INDEX `fk_links_interest_user1_idx` (`id_user` ASC),
  CONSTRAINT `fk_links_interest_user1`
    FOREIGN KEY (`id_user`)
    REFERENCES `mathonline`.`user` (`id_user`)
    ON DELETE NO ACTION
    ON UPDATE NO ACTION)
ENGINE = InnoDB;


-- -----------------------------------------------------
-- Table `mathonline`.`bibliography`
-- -----------------------------------------------------
CREATE TABLE IF NOT EXISTS `mathonline`.`bibliography` (
  `id_bibliography` INT NOT NULL AUTO_INCREMENT,
  `id_user` INT NOT NULL,
  `id_theme` INT NOT NULL,
  `author` VARCHAR(500) NOT NULL,
  `title` VARCHAR(500) NOT NULL,
  `place_publication` VARCHAR(500) NOT NULL,
  `editorial` VARCHAR(500) NOT NULL,
  `year` INT NOT NULL,
  `status` TINYINT NOT NULL DEFAULT 1,
  PRIMARY KEY (`id_bibliography`),
  INDEX `fk_bibliography_user1_idx` (`id_user` ASC),
  INDEX `fk_bibliography_theme1_idx` (`id_theme` ASC),
  CONSTRAINT `fk_bibliography_user1`
    FOREIGN KEY (`id_user`)
    REFERENCES `mathonline`.`user` (`id_user`)
    ON DELETE NO ACTION
    ON UPDATE NO ACTION,
  CONSTRAINT `fk_bibliography_theme1`
    FOREIGN KEY (`id_theme`)
    REFERENCES `mathonline`.`theme` (`id_theme`)
    ON DELETE NO ACTION
    ON UPDATE NO ACTION)
ENGINE = InnoDB;


-- -----------------------------------------------------
-- Table `mathonline`.`evalation_response`
-- -----------------------------------------------------
CREATE TABLE IF NOT EXISTS `mathonline`.`evalation_response` (
  `id_evalation_response` INT NOT NULL AUTO_INCREMENT,
  `id_evaluation_test_log` INT NOT NULL,
  `id_evaluation` INT NOT NULL,
  `is_correct` TINYINT NULL,
  `status` TINYINT NULL DEFAULT 1,
  PRIMARY KEY (`id_evalation_response`),
  INDEX `fk_evalation_response_evaluation_test_log1_idx` (`id_evaluation_test_log` ASC),
  INDEX `fk_evalation_response_evaluation_tests1_idx` (`id_evaluation` ASC),
  CONSTRAINT `fk_evalation_response_evaluation_test_log1`
    FOREIGN KEY (`id_evaluation_test_log`)
    REFERENCES `mathonline`.`evaluation_test_log` (`id_evaluation_test_log`)
    ON DELETE NO ACTION
    ON UPDATE NO ACTION,
  CONSTRAINT `fk_evalation_response_evaluation_tests1`
    FOREIGN KEY (`id_evaluation`)
    REFERENCES `mathonline`.`evaluation` (`id_evaluation`)
    ON DELETE NO ACTION
    ON UPDATE NO ACTION)
ENGINE = InnoDB;


SET SQL_MODE=@OLD_SQL_MODE;
SET FOREIGN_KEY_CHECKS=@OLD_FOREIGN_KEY_CHECKS;
SET UNIQUE_CHECKS=@OLD_UNIQUE_CHECKS;

-- -----------------------------------------------------
-- Data for table `mathonline`.`unit_uam`
-- -----------------------------------------------------
START TRANSACTION;
USE `mathonline`;
INSERT INTO `mathonline`.`unit_uam` (`id_unit_uam`, `name`, `status`) VALUES (1, 'Ninguna', 1);
INSERT INTO `mathonline`.`unit_uam` (`id_unit_uam`, `name`, `status`) VALUES (2, 'Unidad Azcapotzalco', 1);
INSERT INTO `mathonline`.`unit_uam` (`id_unit_uam`, `name`, `status`) VALUES (3, 'Unidad Cuajimalpa', 1);
INSERT INTO `mathonline`.`unit_uam` (`id_unit_uam`, `name`, `status`) VALUES (4, 'Unidad Iztapalapa', 1);
INSERT INTO `mathonline`.`unit_uam` (`id_unit_uam`, `name`, `status`) VALUES (5, 'Unidad Lerma', 1);
INSERT INTO `mathonline`.`unit_uam` (`id_unit_uam`, `name`, `status`) VALUES (6, 'Unidad Xochimilco', 1);

COMMIT;


-- -----------------------------------------------------
-- Data for table `mathonline`.`degree`
-- -----------------------------------------------------
START TRANSACTION;
USE `mathonline`;
INSERT INTO `mathonline`.`degree` (`id_degree`, `id_unit_uam`, `division`, `degree`, `status`) VALUES (1, 1, 'NA', 'NA', 1);
INSERT INTO `mathonline`.`degree` (`id_degree`, `id_unit_uam`, `division`, `degree`, `status`) VALUES (2, 2, 'CSH', 'Administración', 1);
INSERT INTO `mathonline`.`degree` (`id_degree`, `id_unit_uam`, `division`, `degree`, `status`) VALUES (3, 2, 'CAD', 'Arquitectura', 1);
INSERT INTO `mathonline`.`degree` (`id_degree`, `id_unit_uam`, `division`, `degree`, `status`) VALUES (4, 2, 'CSH', 'Derecho', 1);
INSERT INTO `mathonline`.`degree` (`id_degree`, `id_unit_uam`, `division`, `degree`, `status`) VALUES (5, 2, 'CAD', 'Diseño de la Comunicación Gráfica', 1);
INSERT INTO `mathonline`.`degree` (`id_degree`, `id_unit_uam`, `division`, `degree`, `status`) VALUES (6, 2, 'CAD', 'Diseño Industrial', 1);
INSERT INTO `mathonline`.`degree` (`id_degree`, `id_unit_uam`, `division`, `degree`, `status`) VALUES (7, 2, 'CSH', 'Economía', 1);
INSERT INTO `mathonline`.`degree` (`id_degree`, `id_unit_uam`, `division`, `degree`, `status`) VALUES (8, 2, 'CBI', 'Ingeniería Ambiental', 1);
INSERT INTO `mathonline`.`degree` (`id_degree`, `id_unit_uam`, `division`, `degree`, `status`) VALUES (9, 2, 'CBI', 'Ingeniería Civil', 1);
INSERT INTO `mathonline`.`degree` (`id_degree`, `id_unit_uam`, `division`, `degree`, `status`) VALUES (10, 2, 'CBI', 'Ingeniería Eléctrica', 1);
INSERT INTO `mathonline`.`degree` (`id_degree`, `id_unit_uam`, `division`, `degree`, `status`) VALUES (11, 2, 'CBI', 'Ingeniería Electrónica', 1);
INSERT INTO `mathonline`.`degree` (`id_degree`, `id_unit_uam`, `division`, `degree`, `status`) VALUES (12, 2, 'CBI', 'Ingeniería en Computación', 1);
INSERT INTO `mathonline`.`degree` (`id_degree`, `id_unit_uam`, `division`, `degree`, `status`) VALUES (13, 2, 'CBI', 'Ingeniería Física', 1);
INSERT INTO `mathonline`.`degree` (`id_degree`, `id_unit_uam`, `division`, `degree`, `status`) VALUES (14, 2, 'CBI', 'Ingeniería Industrial', 1);
INSERT INTO `mathonline`.`degree` (`id_degree`, `id_unit_uam`, `division`, `degree`, `status`) VALUES (15, 2, 'CBI', 'Ingeniería Mecánica', 1);
INSERT INTO `mathonline`.`degree` (`id_degree`, `id_unit_uam`, `division`, `degree`, `status`) VALUES (16, 2, 'CBI', 'Ingeniería Metalúrgica', 1);
INSERT INTO `mathonline`.`degree` (`id_degree`, `id_unit_uam`, `division`, `degree`, `status`) VALUES (17, 2, 'CBI', 'Ingeniería Química', 1);
INSERT INTO `mathonline`.`degree` (`id_degree`, `id_unit_uam`, `division`, `degree`, `status`) VALUES (18, 2, 'CSH', 'Sociología', 1);
INSERT INTO `mathonline`.`degree` (`id_degree`, `id_unit_uam`, `division`, `degree`, `status`) VALUES (19, 3, 'CSH', 'Administración', 1);
INSERT INTO `mathonline`.`degree` (`id_degree`, `id_unit_uam`, `division`, `degree`, `status`) VALUES (20, 3, 'CNI', 'Biología Molecular', 1);
INSERT INTO `mathonline`.`degree` (`id_degree`, `id_unit_uam`, `division`, `degree`, `status`) VALUES (21, 3, 'CCD', 'Ciencias de la Comunicación ', 1);
INSERT INTO `mathonline`.`degree` (`id_degree`, `id_unit_uam`, `division`, `degree`, `status`) VALUES (22, 3, 'CSH', 'Derecho', 1);
INSERT INTO `mathonline`.`degree` (`id_degree`, `id_unit_uam`, `division`, `degree`, `status`) VALUES (23, 3, 'CCD', 'Diseño', 1);
INSERT INTO `mathonline`.`degree` (`id_degree`, `id_unit_uam`, `division`, `degree`, `status`) VALUES (24, 3, 'CSH', 'Estudios Socioterritoriales ', 1);
INSERT INTO `mathonline`.`degree` (`id_degree`, `id_unit_uam`, `division`, `degree`, `status`) VALUES (25, 3, 'CSH', 'Humanídades', 1);
INSERT INTO `mathonline`.`degree` (`id_degree`, `id_unit_uam`, `division`, `degree`, `status`) VALUES (26, 3, 'CNI', 'Ingeniería Biológica', 1);
INSERT INTO `mathonline`.`degree` (`id_degree`, `id_unit_uam`, `division`, `degree`, `status`) VALUES (27, 3, 'CNI ', 'Ingeniería en Computación', 1);
INSERT INTO `mathonline`.`degree` (`id_degree`, `id_unit_uam`, `division`, `degree`, `status`) VALUES (28, 3, 'CNI', 'Matemáticas Aplicadas', 1);
INSERT INTO `mathonline`.`degree` (`id_degree`, `id_unit_uam`, `division`, `degree`, `status`) VALUES (29, 3, 'CCD', 'Tecnologías y Sistemas de Información ', 1);
INSERT INTO `mathonline`.`degree` (`id_degree`, `id_unit_uam`, `division`, `degree`, `status`) VALUES (30, 4, 'CSH', 'Administración', 1);
INSERT INTO `mathonline`.`degree` (`id_degree`, `id_unit_uam`, `division`, `degree`, `status`) VALUES (31, 4, 'CSH', 'Antropología Social', 1);
INSERT INTO `mathonline`.`degree` (`id_degree`, `id_unit_uam`, `division`, `degree`, `status`) VALUES (32, 4, 'CBS', 'Biología', 1);
INSERT INTO `mathonline`.`degree` (`id_degree`, `id_unit_uam`, `division`, `degree`, `status`) VALUES (33, 4, 'CBS', 'Biología Experimental', 1);
INSERT INTO `mathonline`.`degree` (`id_degree`, `id_unit_uam`, `division`, `degree`, `status`) VALUES (34, 4, 'CBI', 'Ciencias Atmosféricas', 1);
INSERT INTO `mathonline`.`degree` (`id_degree`, `id_unit_uam`, `division`, `degree`, `status`) VALUES (35, 4, 'CSH', 'Ciencia Política', 1);
INSERT INTO `mathonline`.`degree` (`id_degree`, `id_unit_uam`, `division`, `degree`, `status`) VALUES (36, 4, 'CBI', 'Computación', 1);
INSERT INTO `mathonline`.`degree` (`id_degree`, `id_unit_uam`, `division`, `degree`, `status`) VALUES (37, 4, 'CSH', 'Economía', 1);
INSERT INTO `mathonline`.`degree` (`id_degree`, `id_unit_uam`, `division`, `degree`, `status`) VALUES (38, 4, 'CSH', 'Filosofía', 1);
INSERT INTO `mathonline`.`degree` (`id_degree`, `id_unit_uam`, `division`, `degree`, `status`) VALUES (39, 4, 'CBI', 'Física', 1);
INSERT INTO `mathonline`.`degree` (`id_degree`, `id_unit_uam`, `division`, `degree`, `status`) VALUES (40, 4, 'CSH', 'Geografía Humana', 1);
INSERT INTO `mathonline`.`degree` (`id_degree`, `id_unit_uam`, `division`, `degree`, `status`) VALUES (41, 4, 'CBS', 'Hidrobiología', 1);
INSERT INTO `mathonline`.`degree` (`id_degree`, `id_unit_uam`, `division`, `degree`, `status`) VALUES (42, 4, 'CSH', 'Historia', 1);
INSERT INTO `mathonline`.`degree` (`id_degree`, `id_unit_uam`, `division`, `degree`, `status`) VALUES (43, 4, 'CBI', 'Ingeniería Biomédica', 1);
INSERT INTO `mathonline`.`degree` (`id_degree`, `id_unit_uam`, `division`, `degree`, `status`) VALUES (44, 4, 'CBS', 'Ingeniería Bioquímica Industrial', 1);
INSERT INTO `mathonline`.`degree` (`id_degree`, `id_unit_uam`, `division`, `degree`, `status`) VALUES (45, 4, 'CBS', 'Ingeniería de los Alimentos', 1);
INSERT INTO `mathonline`.`degree` (`id_degree`, `id_unit_uam`, `division`, `degree`, `status`) VALUES (46, 4, 'CBI', 'Ingeniería Electrónica', 1);
INSERT INTO `mathonline`.`degree` (`id_degree`, `id_unit_uam`, `division`, `degree`, `status`) VALUES (47, 4, 'CBI', 'Ingeniería en Energía', 1);
INSERT INTO `mathonline`.`degree` (`id_degree`, `id_unit_uam`, `division`, `degree`, `status`) VALUES (48, 4, 'CBI', 'Ingeniería Hidrológica', 1);
INSERT INTO `mathonline`.`degree` (`id_degree`, `id_unit_uam`, `division`, `degree`, `status`) VALUES (49, 4, 'CBI', 'Ingeniería Química', 1);
INSERT INTO `mathonline`.`degree` (`id_degree`, `id_unit_uam`, `division`, `degree`, `status`) VALUES (50, 4, 'CSH', 'Letras Hispánicas', 1);
INSERT INTO `mathonline`.`degree` (`id_degree`, `id_unit_uam`, `division`, `degree`, `status`) VALUES (51, 4, 'CSH', 'Lingüística', 1);
INSERT INTO `mathonline`.`degree` (`id_degree`, `id_unit_uam`, `division`, `degree`, `status`) VALUES (52, 4, 'CBI', 'Matemáticas', 1);
INSERT INTO `mathonline`.`degree` (`id_degree`, `id_unit_uam`, `division`, `degree`, `status`) VALUES (53, 4, 'CBS', 'Producción Animal', 1);
INSERT INTO `mathonline`.`degree` (`id_degree`, `id_unit_uam`, `division`, `degree`, `status`) VALUES (54, 4, 'CSH', 'Psicología Social', 1);
INSERT INTO `mathonline`.`degree` (`id_degree`, `id_unit_uam`, `division`, `degree`, `status`) VALUES (55, 4, 'CBI', 'Química', 1);
INSERT INTO `mathonline`.`degree` (`id_degree`, `id_unit_uam`, `division`, `degree`, `status`) VALUES (56, 4, 'CSH', 'Sociología', 1);
INSERT INTO `mathonline`.`degree` (`id_degree`, `id_unit_uam`, `division`, `degree`, `status`) VALUES (57, 5, 'CSH', 'Arte y Comunicación Digitales', 1);
INSERT INTO `mathonline`.`degree` (`id_degree`, `id_unit_uam`, `division`, `degree`, `status`) VALUES (58, 5, 'CBS', 'Biología Ambiental', 1);
INSERT INTO `mathonline`.`degree` (`id_degree`, `id_unit_uam`, `division`, `degree`, `status`) VALUES (59, 5, 'CBI', 'Ingeniería en Computación y Telecomunicaciones', 1);
INSERT INTO `mathonline`.`degree` (`id_degree`, `id_unit_uam`, `division`, `degree`, `status`) VALUES (60, 5, 'CBI', 'Ingeniería en Recursos Hídricos', 1);
INSERT INTO `mathonline`.`degree` (`id_degree`, `id_unit_uam`, `division`, `degree`, `status`) VALUES (61, 5, 'CSH', 'Políticas Públicas', 1);
INSERT INTO `mathonline`.`degree` (`id_degree`, `id_unit_uam`, `division`, `degree`, `status`) VALUES (62, 6, 'CSH', 'Administración', 1);
INSERT INTO `mathonline`.`degree` (`id_degree`, `id_unit_uam`, `division`, `degree`, `status`) VALUES (63, 6, 'CBS', 'Agronomía', 1);
INSERT INTO `mathonline`.`degree` (`id_degree`, `id_unit_uam`, `division`, `degree`, `status`) VALUES (64, 6, 'CAD', 'Arquitectura', 1);
INSERT INTO `mathonline`.`degree` (`id_degree`, `id_unit_uam`, `division`, `degree`, `status`) VALUES (65, 6, 'CBS', 'Biología', 1);
INSERT INTO `mathonline`.`degree` (`id_degree`, `id_unit_uam`, `division`, `degree`, `status`) VALUES (66, 6, 'CSH', 'Comunicación Social', 1);
INSERT INTO `mathonline`.`degree` (`id_degree`, `id_unit_uam`, `division`, `degree`, `status`) VALUES (67, 6, 'CAD', 'Diseño de la Comunicación Gráfica', 1);
INSERT INTO `mathonline`.`degree` (`id_degree`, `id_unit_uam`, `division`, `degree`, `status`) VALUES (68, 6, 'CAD', 'Diseño Industrial', 1);
INSERT INTO `mathonline`.`degree` (`id_degree`, `id_unit_uam`, `division`, `degree`, `status`) VALUES (69, 6, 'CSH', 'Economía', 1);
INSERT INTO `mathonline`.`degree` (`id_degree`, `id_unit_uam`, `division`, `degree`, `status`) VALUES (70, 6, 'CBS', 'Enfermería', 1);
INSERT INTO `mathonline`.`degree` (`id_degree`, `id_unit_uam`, `division`, `degree`, `status`) VALUES (71, 6, 'CBS', 'Estomatología', 1);
INSERT INTO `mathonline`.`degree` (`id_degree`, `id_unit_uam`, `division`, `degree`, `status`) VALUES (72, 6, 'CBS', 'Medicina', 1);
INSERT INTO `mathonline`.`degree` (`id_degree`, `id_unit_uam`, `division`, `degree`, `status`) VALUES (73, 6, 'CBS', 'Medicina Veterinaria y Zootecnia', 1);
INSERT INTO `mathonline`.`degree` (`id_degree`, `id_unit_uam`, `division`, `degree`, `status`) VALUES (74, 6, 'CBS', 'Nutrición Humana ', 1);
INSERT INTO `mathonline`.`degree` (`id_degree`, `id_unit_uam`, `division`, `degree`, `status`) VALUES (75, 6, 'CAD', 'Planeación Territorial', 1);
INSERT INTO `mathonline`.`degree` (`id_degree`, `id_unit_uam`, `division`, `degree`, `status`) VALUES (76, 6, 'CSH', 'Política y Gestión Social', 1);
INSERT INTO `mathonline`.`degree` (`id_degree`, `id_unit_uam`, `division`, `degree`, `status`) VALUES (77, 6, 'CSH', 'Psicología', 1);
INSERT INTO `mathonline`.`degree` (`id_degree`, `id_unit_uam`, `division`, `degree`, `status`) VALUES (78, 6, 'CBS', 'Química Farmacéutica Biológica', 1);
INSERT INTO `mathonline`.`degree` (`id_degree`, `id_unit_uam`, `division`, `degree`, `status`) VALUES (79, 6, 'CSH', 'Sociología', 1);

COMMIT;


-- -----------------------------------------------------
-- Data for table `mathonline`.`avatar`
-- -----------------------------------------------------
START TRANSACTION;
USE `mathonline`;
INSERT INTO `mathonline`.`avatar` (`id_avatar`, `name`, `gender`, `location`, `status`) VALUES (1, 'airhostess', 2, '/statics/img/avatar/airhostess.png', 1);
INSERT INTO `mathonline`.`avatar` (`id_avatar`, `name`, `gender`, `location`, `status`) VALUES (2, 'alien', 1, '/statics/img/avatar/alien.png', 1);
INSERT INTO `mathonline`.`avatar` (`id_avatar`, `name`, `gender`, `location`, `status`) VALUES (3, 'alieness', 2, '/statics/img/avatar/alieness.png', 1);
INSERT INTO `mathonline`.`avatar` (`id_avatar`, `name`, `gender`, `location`, `status`) VALUES (4, 'angel', 1, '/statics/img/avatar/angel.png', 1);
INSERT INTO `mathonline`.`avatar` (`id_avatar`, `name`, `gender`, `location`, `status`) VALUES (5, 'aphrodite', 2, '/statics/img/avatar/aphrodite.png', 1);
INSERT INTO `mathonline`.`avatar` (`id_avatar`, `name`, `gender`, `location`, `status`) VALUES (6, 'astronaut', 2, '/statics/img/avatar/astronaut.png', 1);
INSERT INTO `mathonline`.`avatar` (`id_avatar`, `name`, `gender`, `location`, `status`) VALUES (7, 'canary', 2, '/statics/img/avatar/canary.png', 1);
INSERT INTO `mathonline`.`avatar` (`id_avatar`, `name`, `gender`, `location`, `status`) VALUES (8, 'captainess', 2, '/statics/img/avatar/captainess.png', 1);
INSERT INTO `mathonline`.`avatar` (`id_avatar`, `name`, `gender`, `location`, `status`) VALUES (9, 'catwoman', 2, '/statics/img/avatar/catwoman.png', 1);
INSERT INTO `mathonline`.`avatar` (`id_avatar`, `name`, `gender`, `location`, `status`) VALUES (10, 'contractor', 1, '/statics/img/avatar/contractor.png', 1);
INSERT INTO `mathonline`.`avatar` (`id_avatar`, `name`, `gender`, `location`, `status`) VALUES (11, 'dandy', 1, '/statics/img/avatar/dandy.png', 1);
INSERT INTO `mathonline`.`avatar` (`id_avatar`, `name`, `gender`, `location`, `status`) VALUES (12, 'devil', 1, '/statics/img/avatar/devil.png', 1);
INSERT INTO `mathonline`.`avatar` (`id_avatar`, `name`, `gender`, `location`, `status`) VALUES (13, 'doctor', 1, '/statics/img/avatar/doctor.png', 1);
INSERT INTO `mathonline`.`avatar` (`id_avatar`, `name`, `gender`, `location`, `status`) VALUES (14, 'fairy', 2, '/statics/img/avatar/fairy.png', 1);
INSERT INTO `mathonline`.`avatar` (`id_avatar`, `name`, `gender`, `location`, `status`) VALUES (15, 'female_dummy', 2, '/statics/img/avatar/female_dummy.png', 1);
INSERT INTO `mathonline`.`avatar` (`id_avatar`, `name`, `gender`, `location`, `status`) VALUES (16, 'gangster', 1, '/statics/img/avatar/gangster.png', 1);
INSERT INTO `mathonline`.`avatar` (`id_avatar`, `name`, `gender`, `location`, `status`) VALUES (17, 'king', 1, '/statics/img/avatar/king.png', 1);
INSERT INTO `mathonline`.`avatar` (`id_avatar`, `name`, `gender`, `location`, `status`) VALUES (18, 'maid', 2, '/statics/img/avatar/maid.png', 1);
INSERT INTO `mathonline`.`avatar` (`id_avatar`, `name`, `gender`, `location`, `status`) VALUES (19, 'male_dummy', 1, '/statics/img/avatar/male_dummy.png', 1);
INSERT INTO `mathonline`.`avatar` (`id_avatar`, `name`, `gender`, `location`, `status`) VALUES (20, 'nick', 2, '/statics/img/avatar/nick.png', 1);
INSERT INTO `mathonline`.`avatar` (`id_avatar`, `name`, `gender`, `location`, `status`) VALUES (21, 'ninja', 1, '/statics/img/avatar/ninja.png', 1);
INSERT INTO `mathonline`.`avatar` (`id_avatar`, `name`, `gender`, `location`, `status`) VALUES (22, 'nun', 2, '/statics/img/avatar/nun.png', 1);
INSERT INTO `mathonline`.`avatar` (`id_avatar`, `name`, `gender`, `location`, `status`) VALUES (23, 'nurse', 2, '/statics/img/avatar/nurse.png', 1);
INSERT INTO `mathonline`.`avatar` (`id_avatar`, `name`, `gender`, `location`, `status`) VALUES (24, 'officer', 1, '/statics/img/avatar/officer.png', 1);
INSERT INTO `mathonline`.`avatar` (`id_avatar`, `name`, `gender`, `location`, `status`) VALUES (25, 'priest', 1, '/statics/img/avatar/priest.png', 1);
INSERT INTO `mathonline`.`avatar` (`id_avatar`, `name`, `gender`, `location`, `status`) VALUES (26, 'queen', 2, '/statics/img/avatar/queen.png', 1);
INSERT INTO `mathonline`.`avatar` (`id_avatar`, `name`, `gender`, `location`, `status`) VALUES (27, 'robot', 1, '/statics/img/avatar/robot.png', 1);
INSERT INTO `mathonline`.`avatar` (`id_avatar`, `name`, `gender`, `location`, `status`) VALUES (28, 'robotess', 2, '/statics/img/avatar/robotess.png', 1);
INSERT INTO `mathonline`.`avatar` (`id_avatar`, `name`, `gender`, `location`, `status`) VALUES (29, 'sportsman', 1, '/statics/img/avatar/sportsman.png', 1);
INSERT INTO `mathonline`.`avatar` (`id_avatar`, `name`, `gender`, `location`, `status`) VALUES (30, 'teacher', 2, '/statics/img/avatar/teacher.png', 1);

COMMIT;


-- -----------------------------------------------------
-- Data for table `mathonline`.`user`
-- -----------------------------------------------------
START TRANSACTION;
USE `mathonline`;
INSERT INTO `mathonline`.`user` (`id_user`, `user_name`, `password`, `type_user`, `id_avatar`, `name`, `last_name`, `sex`, `year_birthday`, `email`, `id_degree`, `uam_identifier`, `is_student`, `is_employed`, `registration_date`, `total_score`, `status`) VALUES (1, 'AdminMatEnLinea', '1rxKMj42HBeT3HHYpzQnU9pAL0jsG7mpegAjmCmTWK+eN55P0jcpebohu52R7lAPMMI+CSVX3wg0kGXRc4Gbeg==', 1, 16, 'Administrador', 'Mate en línea', NULL, NULL, 'matenlinea.cbi@gmail.com', 1, 'NULL', NULL, NULL, '2017-05-01 00:00:00', NULL, 1);

COMMIT;


-- -----------------------------------------------------
-- Data for table `mathonline`.`theme`
-- -----------------------------------------------------
START TRANSACTION;
USE `mathonline`;
INSERT INTO `mathonline`.`theme` (`id_theme`, `theme`, `status`) VALUES (1, 'Números', 1);
INSERT INTO `mathonline`.`theme` (`id_theme`, `theme`, `status`) VALUES (2, 'Álgebra', 1);
INSERT INTO `mathonline`.`theme` (`id_theme`, `theme`, `status`) VALUES (3, 'Geometría y Trigonometría', 1);
INSERT INTO `mathonline`.`theme` (`id_theme`, `theme`, `status`) VALUES (4, 'Geometría analítica', 1);

COMMIT;


-- -----------------------------------------------------
-- Data for table `mathonline`.`subtopic`
-- -----------------------------------------------------
START TRANSACTION;
USE `mathonline`;
INSERT INTO `mathonline`.`subtopic` (`id_subtopic`, `id_theme`, `subtopic`, `status`) VALUES (1, 1, 'Enteros', 1);
INSERT INTO `mathonline`.`subtopic` (`id_subtopic`, `id_theme`, `subtopic`, `status`) VALUES (2, 1, 'Fracciones, porcentajes, razones y proporciones', 1);
INSERT INTO `mathonline`.`subtopic` (`id_subtopic`, `id_theme`, `subtopic`, `status`) VALUES (3, 1, 'Reales y decimales', 1);
INSERT INTO `mathonline`.`subtopic` (`id_subtopic`, `id_theme`, `subtopic`, `status`) VALUES (4, 1, 'Operaciones numéricas', 0);
INSERT INTO `mathonline`.`subtopic` (`id_subtopic`, `id_theme`, `subtopic`, `status`) VALUES (5, 1, 'Cálculos y estimaciones', 0);
INSERT INTO `mathonline`.`subtopic` (`id_subtopic`, `id_theme`, `subtopic`, `status`) VALUES (6, 1, 'Logaritmos y exponenciales', 1);
INSERT INTO `mathonline`.`subtopic` (`id_subtopic`, `id_theme`, `subtopic`, `status`) VALUES (7, 2, 'Operaciones algebraicas', 1);
INSERT INTO `mathonline`.`subtopic` (`id_subtopic`, `id_theme`, `subtopic`, `status`) VALUES (8, 2, 'Ecuaciones, fórmulas, expresiones e identidades', 1);
INSERT INTO `mathonline`.`subtopic` (`id_subtopic`, `id_theme`, `subtopic`, `status`) VALUES (9, 3, 'Recta', 0);
INSERT INTO `mathonline`.`subtopic` (`id_subtopic`, `id_theme`, `subtopic`, `status`) VALUES (10, 3, 'Ángulos', 0);
INSERT INTO `mathonline`.`subtopic` (`id_subtopic`, `id_theme`, `subtopic`, `status`) VALUES (11, 3, 'Triángulos', 0);
INSERT INTO `mathonline`.`subtopic` (`id_subtopic`, `id_theme`, `subtopic`, `status`) VALUES (12, 3, 'Cículos y sus ángulos', 0);
INSERT INTO `mathonline`.`subtopic` (`id_subtopic`, `id_theme`, `subtopic`, `status`) VALUES (13, 3, 'Cuadriláteros y polígonos', 1);
INSERT INTO `mathonline`.`subtopic` (`id_subtopic`, `id_theme`, `subtopic`, `status`) VALUES (14, 3, 'Semejanza', 0);
INSERT INTO `mathonline`.`subtopic` (`id_subtopic`, `id_theme`, `subtopic`, `status`) VALUES (15, 3, 'Trigonometría', 1);
INSERT INTO `mathonline`.`subtopic` (`id_subtopic`, `id_theme`, `subtopic`, `status`) VALUES (16, 4, 'Plano cartesiano', 1);
INSERT INTO `mathonline`.`subtopic` (`id_subtopic`, `id_theme`, `subtopic`, `status`) VALUES (17, 4, 'Rectas y ecuaciones lineales', 1);
INSERT INTO `mathonline`.`subtopic` (`id_subtopic`, `id_theme`, `subtopic`, `status`) VALUES (18, 4, 'Cónicas', 0);

COMMIT;


-- -----------------------------------------------------
-- Data for table `mathonline`.`tutorial`
-- -----------------------------------------------------
START TRANSACTION;
USE `mathonline`;
INSERT INTO `mathonline`.`tutorial` (`id_tutorial`, `id_subtopic`, `tutorial`, `status`) VALUES (1, 1, 'Enteros', 1);
INSERT INTO `mathonline`.`tutorial` (`id_tutorial`, `id_subtopic`, `tutorial`, `status`) VALUES (2, 2, 'Fracciones', 1);
INSERT INTO `mathonline`.`tutorial` (`id_tutorial`, `id_subtopic`, `tutorial`, `status`) VALUES (3, 2, 'Porcentajes', 1);
INSERT INTO `mathonline`.`tutorial` (`id_tutorial`, `id_subtopic`, `tutorial`, `status`) VALUES (4, 2, 'Proporción directa e inversa', 1);
INSERT INTO `mathonline`.`tutorial` (`id_tutorial`, `id_subtopic`, `tutorial`, `status`) VALUES (5, 3, 'Introducción al valor absoluto', 1);
INSERT INTO `mathonline`.`tutorial` (`id_tutorial`, `id_subtopic`, `tutorial`, `status`) VALUES (6, 3, 'Ecuaciones con valor absoluto', 1);
INSERT INTO `mathonline`.`tutorial` (`id_tutorial`, `id_subtopic`, `tutorial`, `status`) VALUES (7, 3, 'Desigualdades con valor absoluto', 1);
INSERT INTO `mathonline`.`tutorial` (`id_tutorial`, `id_subtopic`, `tutorial`, `status`) VALUES (8, 6, 'Logaritmos y exponenciales', 1);
INSERT INTO `mathonline`.`tutorial` (`id_tutorial`, `id_subtopic`, `tutorial`, `status`) VALUES (9, 7, 'Series y sucesiones', 1);
INSERT INTO `mathonline`.`tutorial` (`id_tutorial`, `id_subtopic`, `tutorial`, `status`) VALUES (10, 7, 'Expresiones algebraicas', 1);
INSERT INTO `mathonline`.`tutorial` (`id_tutorial`, `id_subtopic`, `tutorial`, `status`) VALUES (11, 8, 'Productos notables', 1);
INSERT INTO `mathonline`.`tutorial` (`id_tutorial`, `id_subtopic`, `tutorial`, `status`) VALUES (12, 8, 'Ecuaciones lineales', 1);
INSERT INTO `mathonline`.`tutorial` (`id_tutorial`, `id_subtopic`, `tutorial`, `status`) VALUES (13, 8, 'Introducción a ecuaciones cuadráticas', 1);
INSERT INTO `mathonline`.`tutorial` (`id_tutorial`, `id_subtopic`, `tutorial`, `status`) VALUES (14, 8, 'Ecuaciones cuadráticas: Factorización', 1);
INSERT INTO `mathonline`.`tutorial` (`id_tutorial`, `id_subtopic`, `tutorial`, `status`) VALUES (15, 8, 'Ecuaciones cuadráticas: TCP y fórmula general', 1);
INSERT INTO `mathonline`.`tutorial` (`id_tutorial`, `id_subtopic`, `tutorial`, `status`) VALUES (16, 13, 'Polígonos', 1);
INSERT INTO `mathonline`.`tutorial` (`id_tutorial`, `id_subtopic`, `tutorial`, `status`) VALUES (17, 15, 'Trigonometría', 1);
INSERT INTO `mathonline`.`tutorial` (`id_tutorial`, `id_subtopic`, `tutorial`, `status`) VALUES (18, 15, 'Funciones trigonométricas', 1);
INSERT INTO `mathonline`.`tutorial` (`id_tutorial`, `id_subtopic`, `tutorial`, `status`) VALUES (19, 16, 'Plano cartesiano', 1);
INSERT INTO `mathonline`.`tutorial` (`id_tutorial`, `id_subtopic`, `tutorial`, `status`) VALUES (20, 17, 'Proporcionalidad', 1);
INSERT INTO `mathonline`.`tutorial` (`id_tutorial`, `id_subtopic`, `tutorial`, `status`) VALUES (21, 17, 'Recta al origen', 1);
INSERT INTO `mathonline`.`tutorial` (`id_tutorial`, `id_subtopic`, `tutorial`, `status`) VALUES (22, 17, 'Recta por dos puntos', 1);
INSERT INTO `mathonline`.`tutorial` (`id_tutorial`, `id_subtopic`, `tutorial`, `status`) VALUES (23, 17, 'Pendiente y ordenada', 1);
INSERT INTO `mathonline`.`tutorial` (`id_tutorial`, `id_subtopic`, `tutorial`, `status`) VALUES (24, 17, 'Sistemas de ecuaciones', 1);
INSERT INTO `mathonline`.`tutorial` (`id_tutorial`, `id_subtopic`, `tutorial`, `status`) VALUES (25, 17, 'Distancia punto a recta', 1);
INSERT INTO `mathonline`.`tutorial` (`id_tutorial`, `id_subtopic`, `tutorial`, `status`) VALUES (26, 17, 'Desigualdades', 1);

COMMIT;


-- -----------------------------------------------------
-- Data for table `mathonline`.`evaluation`
-- -----------------------------------------------------
START TRANSACTION;
USE `mathonline`;
INSERT INTO `mathonline`.`evaluation` (`id_evaluation`, `id_subtopic`, `question`, `correct_answer`, `wrong_answer_a`, `wrong_answer_b`, `wrong_answer_c`, `points`, `status`) VALUES (id_evaluation, id_subtopic, 'question', 'correct_answer', 'wrong_answer_a', 'wrong_answer_b', 'wrong_answer_c', points, status);
INSERT INTO `mathonline`.`evaluation` (`id_evaluation`, `id_subtopic`, `question`, `correct_answer`, `wrong_answer_a`, `wrong_answer_b`, `wrong_answer_c`, `points`, `status`) VALUES (1, 1, 'De los 4 conjuntos que aparecen a continuación, determina cuál de ellos contiene únicamente números primos: \\nc1: {2, 3, 11, 17, 23} \\nc2: {2, 7, 11, 21, 31} \\nc3: {3, 5, 7, 9, 17} \\nc4: {3, 7, 13, 27, 31}', 'c1', 'c2', 'c3', 'c4', 5, 1);
INSERT INTO `mathonline`.`evaluation` (`id_evaluation`, `id_subtopic`, `question`, `correct_answer`, `wrong_answer_a`, `wrong_answer_b`, `wrong_answer_c`, `points`, `status`) VALUES (2, 1, 'Tres instituciones de beneficencia recolectaron $150,000; $ 270,000 y $390,000 respectivamente. Las tres instituciones donarán la misma cantidad a distinto número de orfanatorios. Si el número de orfanatorios es mínimo, ¿cuántos orfanatorios se verán beneficiados y con cuánto dinero?', '26 con $30,000', '30 con $25,000', '22 con $40,000', '40 con $15,000', 5, 1);
INSERT INTO `mathonline`.`evaluation` (`id_evaluation`, `id_subtopic`, `question`, `correct_answer`, `wrong_answer_a`, `wrong_answer_b`, `wrong_answer_c`, `points`, `status`) VALUES (3, 1, 'El resultado de <math xmlns=\"http://www.w3.org/1998/Math/MathML\"><msup><mfenced><mrow><msup><mn>2</mn><mn>3</mn></msup><mo>&#xD7;</mo><msup><mn>3</mn><mn>2</mn></msup></mrow></mfenced><mn>4</mn></msup></math> es:', '<math xmlns=\"http://www.w3.org/1998/Math/MathML\"><msup><mn>2</mn><mn>12</mn></msup><mo>&#xD7;</mo><msup><mn>3</mn><mn>8</mn></msup></math>', '<math xmlns=\"http://www.w3.org/1998/Math/MathML\"><msup><mn>2</mn><mn>7</mn></msup><mo>&#xD7;</mo><msup><mn>3</mn><mn>6</mn></msup></math>', '<math xmlns=\"http://www.w3.org/1998/Math/MathML\"><msup><mn>6</mn><mn>24</mn></msup></math>', '<math xmlns=\"http://www.w3.org/1998/Math/MathML\"><msup><mn>6</mn><mn>20</mn></msup></math>', 5, 1);
INSERT INTO `mathonline`.`evaluation` (`id_evaluation`, `id_subtopic`, `question`, `correct_answer`, `wrong_answer_a`, `wrong_answer_b`, `wrong_answer_c`, `points`, `status`) VALUES (4, 1, 'La expresión <math xmlns=\"http://www.w3.org/1998/Math/MathML\"><mfrac><msup><mn>6</mn><mn>2</mn></msup><msup><mn>6</mn><msup><mn>2</mn><mn>2</mn></msup></msup></mfrac></math> es equivalente a:', '<math xmlns=\"http://www.w3.org/1998/Math/MathML\"><mfrac><mn>1</mn><msup><mn>6</mn><mn>2</mn></msup></mfrac></math>', '<math xmlns=\"http://www.w3.org/1998/Math/MathML\"><mfrac><mn>6</mn><msup><mn>6</mn><mn>6</mn></msup></mfrac></math>', '<math xmlns=\"http://www.w3.org/1998/Math/MathML\"><mfrac><mn>6</mn><msup><mn>6</mn><mn>2</mn></msup></mfrac></math>', '<math xmlns=\"http://www.w3.org/1998/Math/MathML\"><mfrac><mn>1</mn><msup><mn>6</mn><mn>6</mn></msup></mfrac></math>', 5, 1);
INSERT INTO `mathonline`.`evaluation` (`id_evaluation`, `id_subtopic`, `question`, `correct_answer`, `wrong_answer_a`, `wrong_answer_b`, `wrong_answer_c`, `points`, `status`) VALUES (5, 1, 'Encuentra el mínimo común múltiplo de 48 y 36.', '<math xmlns=\"http://www.w3.org/1998/Math/MathML\"><msup><mn>2</mn><mn>4</mn></msup><mo>&#xD7;</mo><msup><mn>3</mn><mn>2</mn></msup></math>', '<math xmlns=\"http://www.w3.org/1998/Math/MathML\"><msup><mn>2</mn><mn>4</mn></msup><mo>&#xD7;</mo><mn>3</mn></math>', '<math xmlns=\"http://www.w3.org/1998/Math/MathML\"><msup><mn>2</mn><mn>2</mn></msup><mo>&#xD7;</mo><mn>3</mn></math>', '<math xmlns=\"http://www.w3.org/1998/Math/MathML\"><msup><mn>2</mn><mn>2</mn></msup><mo>&#xD7;</mo><msup><mn>3</mn><mn>2</mn></msup></math>', 5, 1);
INSERT INTO `mathonline`.`evaluation` (`id_evaluation`, `id_subtopic`, `question`, `correct_answer`, `wrong_answer_a`, `wrong_answer_b`, `wrong_answer_c`, `points`, `status`) VALUES (6, 1, 'El mínimo común múltiplo de 72, 48 y 120 es:', '720', '12', '24', '48', 5, 1);
INSERT INTO `mathonline`.`evaluation` (`id_evaluation`, `id_subtopic`, `question`, `correct_answer`, `wrong_answer_a`, `wrong_answer_b`, `wrong_answer_c`, `points`, `status`) VALUES (7, 1, 'De los 4 conjuntos que aparecen a continuación, determina cuál de ellos contiene únicamente cuadrados y cubos:\\n {8, 16, 27} {9, 15, 27} {4, 12, 81}  {4, 24, 27}', '{8, 16, 27}', '{4, 24, 27} ', '{9, 15, 27} ', '{4, 12, 81}', 5, 1);
INSERT INTO `mathonline`.`evaluation` (`id_evaluation`, `id_subtopic`, `question`, `correct_answer`, `wrong_answer_a`, `wrong_answer_b`, `wrong_answer_c`, `points`, `status`) VALUES (8, 1, 'La expresión <math xmlns=\"http://www.w3.org/1998/Math/MathML\"><msup><mn>2</mn><mn>2</mn></msup><mo>&#xD7;</mo><msup><mn>2</mn><mn>5</mn></msup></math> es equivalente a:', '<math xmlns=\"http://www.w3.org/1998/Math/MathML\"><msup><mn>2</mn><mn>7</mn></msup></math>', '<math xmlns=\"http://www.w3.org/1998/Math/MathML\"><msup><mn>4</mn><mn>10</mn></msup></math>', '<math xmlns=\"http://www.w3.org/1998/Math/MathML\"><msup><mn>2</mn><mn>10</mn></msup></math>', '<math xmlns=\"http://www.w3.org/1998/Math/MathML\"><msup><mn>4</mn><mn>7</mn></msup></math>', 5, 1);
INSERT INTO `mathonline`.`evaluation` (`id_evaluation`, `id_subtopic`, `question`, `correct_answer`, `wrong_answer_a`, `wrong_answer_b`, `wrong_answer_c`, `points`, `status`) VALUES (9, 1, 'Encuentra la expresión equivalente a: <math xmlns=\"http://www.w3.org/1998/Math/MathML\"><mfrac><mn>3</mn><msup><mn>2</mn><mn>2</mn></msup></mfrac><mfenced><mfrac><mrow><mn>3</mn><mfenced><mn>2</mn></mfenced></mrow><mn>5</mn></mfrac></mfenced></math>', '<math xmlns=\"http://www.w3.org/1998/Math/MathML\"><mfrac><msup><mn>3</mn><mn>2</mn></msup><mrow><mn>2</mn><mo>(</mo><mn>5</mn><mo>)</mo></mrow></mfrac></math>', '<math xmlns=\"http://www.w3.org/1998/Math/MathML\"><mfrac><mrow><mn>3</mn><mo>(</mo><mn>5</mn><mo>)</mo></mrow><mrow><mn>2</mn><mo>(</mo><mn>3</mn><mo>)</mo></mrow></mfrac></math>', '<math xmlns=\"http://www.w3.org/1998/Math/MathML\"><mfrac><mrow><mn>3</mn><mo>(</mo><mn>5</mn><mo>)</mo></mrow><mrow><msup><mn>2</mn><mn>2</mn></msup><mo>(</mo><mn>6</mn><mo>)</mo></mrow></mfrac></math>', '<math xmlns=\"http://www.w3.org/1998/Math/MathML\"><mfrac><mrow><mn>3</mn><mo>(</mo><mn>6</mn><mo>)</mo></mrow><mrow><mn>2</mn><mo>(</mo><mn>5</mn><mo>)</mo></mrow></mfrac></math>', 5, 1);
INSERT INTO `mathonline`.`evaluation` (`id_evaluation`, `id_subtopic`, `question`, `correct_answer`, `wrong_answer_a`, `wrong_answer_b`, `wrong_answer_c`, `points`, `status`) VALUES (10, 1, 'El resultado de simplificar la expresión <math xmlns=\"http://www.w3.org/1998/Math/MathML\"><msup><mfenced open=\"[\" close=\"]\"><mrow><msup><mfenced><mfrac><mn>1</mn><mn>2</mn></mfrac></mfenced><mn>2</mn></msup><mo>&#xD7;</mo><msup><mfenced><mfrac><mn>3</mn><mn>5</mn></mfrac></mfenced><mn>2</mn></msup></mrow></mfenced><mn>2</mn></msup></math> es:', '<math xmlns=\"http://www.w3.org/1998/Math/MathML\"><mfrac><msup><mn>3</mn><mn>4</mn></msup><msup><mn>10</mn><mn>4</mn></msup></mfrac></math>', '<math xmlns=\"http://www.w3.org/1998/Math/MathML\"><msup><mfenced><mfrac><mn>5</mn><mn>6</mn></mfrac></mfenced><mn>4</mn></msup></math>', '<math xmlns=\"http://www.w3.org/1998/Math/MathML\"><mfrac><msup><mn>3</mn><mn>2</mn></msup><msup><mn>10</mn><mn>2</mn></msup></mfrac></math>', '<math xmlns=\"http://www.w3.org/1998/Math/MathML\"><msup><mfenced><mfrac><mn>5</mn><mn>6</mn></mfrac></mfenced><mn>2</mn></msup></math>', 5, 1);
INSERT INTO `mathonline`.`evaluation` (`id_evaluation`, `id_subtopic`, `question`, `correct_answer`, `wrong_answer_a`, `wrong_answer_b`, `wrong_answer_c`, `points`, `status`) VALUES (11, 1, 'Sin efectuar la división, los siguientes números son divisibles entre 5, EXCEPTO:', '5074', '5470', '4750', '7045', 5, 1);
INSERT INTO `mathonline`.`evaluation` (`id_evaluation`, `id_subtopic`, `question`, `correct_answer`, `wrong_answer_a`, `wrong_answer_b`, `wrong_answer_c`, `points`, `status`) VALUES (12, 1, 'Un operador vigila tres procesos de producción. Cada proceso tiene una duración de 18, 12 y 42 minutos respectivamente. El medio turno concluye cuando los tres procesos terminan al mismo tiempo. ¿Cuántos minutos pasan para que termine el medio turno?', '252 min.', '6 min.', '3 min.', '9072 min.', 5, 1);
INSERT INTO `mathonline`.`evaluation` (`id_evaluation`, `id_subtopic`, `question`, `correct_answer`, `wrong_answer_a`, `wrong_answer_b`, `wrong_answer_c`, `points`, `status`) VALUES (13, 1, 'Sin efectuar la división, ¿cuál es el único número divisible entre 4?', '98765432112', '12345678914', '12345123415', '87655678917', 5, 1);
INSERT INTO `mathonline`.`evaluation` (`id_evaluation`, `id_subtopic`, `question`, `correct_answer`, `wrong_answer_a`, `wrong_answer_b`, `wrong_answer_c`, `points`, `status`) VALUES (14, 1, 'Encuentra el máximo común divisor de 42 y 60.', '6', '3', '12', '2', 5, 1);
INSERT INTO `mathonline`.`evaluation` (`id_evaluation`, `id_subtopic`, `question`, `correct_answer`, `wrong_answer_a`, `wrong_answer_b`, `wrong_answer_c`, `points`, `status`) VALUES (15, 1, 'La expresión <math xmlns=\"http://www.w3.org/1998/Math/MathML\"><msup><mfenced><mrow><msup><mn>2</mn><mn>2</mn></msup><msup><mn>3</mn><mn>2</mn></msup></mrow></mfenced><mn>3</mn></msup></math> es equivalente a:', '<math xmlns=\"http://www.w3.org/1998/Math/MathML\"><msup><mfenced><msup><mn>6</mn><mn>2</mn></msup></mfenced><mn>3</mn></msup></math>', '<math xmlns=\"http://www.w3.org/1998/Math/MathML\"><msup><mn>6</mn><mn>5</mn></msup></math>', '<math xmlns=\"http://www.w3.org/1998/Math/MathML\"><mfenced><msup><mn>2</mn><mn>2</mn></msup></mfenced><msup><mfenced><msup><mn>3</mn><mn>2</mn></msup></mfenced><mn>6</mn></msup></math>', '<math xmlns=\"http://www.w3.org/1998/Math/MathML\"><mfenced><mn>2</mn></mfenced><msup><mfenced><mn>3</mn></mfenced><msup><mn>3</mn><mn>6</mn></msup></msup></math>', 5, 1);
INSERT INTO `mathonline`.`evaluation` (`id_evaluation`, `id_subtopic`, `question`, `correct_answer`, `wrong_answer_a`, `wrong_answer_b`, `wrong_answer_c`, `points`, `status`) VALUES (16, 1, 'El diámetro de la Tierra mide aproximadamente <math xmlns=\"http://www.w3.org/1998/Math/MathML\"><mn>1</mn><mo>.</mo><mn>3</mn><mo>&#xD7;</mo><msup><mn>10</mn><mn>4</mn></msup><mo>&#xA0;</mo><mi>k</mi><mi>m</mi></math> ¿Cómo se expresa esta distancia sin utilizar la notación científica?', '13,000 km.', '1,300 km.', '1.3 km.', '130,000 km.', 5, 1);
INSERT INTO `mathonline`.`evaluation` (`id_evaluation`, `id_subtopic`, `question`, `correct_answer`, `wrong_answer_a`, `wrong_answer_b`, `wrong_answer_c`, `points`, `status`) VALUES (17, 1, 'El resultado de simplificar <math xmlns=\"http://www.w3.org/1998/Math/MathML\"><msup><mfenced><mfrac><msup><mn>2</mn><mn>3</mn></msup><msup><mn>2</mn><mn>6</mn></msup></mfrac></mfenced><mfrac><mn>1</mn><mn>3</mn></mfrac></msup></math> es:', '<math xmlns=\"http://www.w3.org/1998/Math/MathML\"><mfenced><mfrac><mn>1</mn><mn>2</mn></mfrac></mfenced></math>', '<math xmlns=\"http://www.w3.org/1998/Math/MathML\"><mfenced><mfrac><msup><mn>2</mn><mn>3</mn></msup><msup><mn>2</mn><mn>18</mn></msup></mfrac></mfenced></math>', '<math xmlns=\"http://www.w3.org/1998/Math/MathML\"><mfenced><mfrac><msup><mn>2</mn><mn>1</mn></msup><msup><mn>2</mn><mn>6</mn></msup></mfrac></mfenced></math>', '<math xmlns=\"http://www.w3.org/1998/Math/MathML\"><msup><mfenced><mfrac><mn>3</mn><mn>6</mn></mfrac></mfenced><mfrac><mn>1</mn><mn>3</mn></mfrac></msup></math>', 5, 1);
INSERT INTO `mathonline`.`evaluation` (`id_evaluation`, `id_subtopic`, `question`, `correct_answer`, `wrong_answer_a`, `wrong_answer_b`, `wrong_answer_c`, `points`, `status`) VALUES (18, 1, 'Además de la unidad, ¿entre qué números son divisibles el 12, 30 y 72?', '2, 3, 2006', '2, 6, 2009', '3, 4, 2009', '3, 6, 2009', 5, 1);
INSERT INTO `mathonline`.`evaluation` (`id_evaluation`, `id_subtopic`, `question`, `correct_answer`, `wrong_answer_a`, `wrong_answer_b`, `wrong_answer_c`, `points`, `status`) VALUES (19, 1, 'Tres costales contienen distinto número de bolsas del mismo tamaño y mismo peso. Los costales pesan 24, 36 y 48 K respectivamente. ¿Cuál es el mínimo número de bolsas por costal y cuánto pesan?', '2, 3 y 4 bolsas de 12 K', '4, 6 y 8 bolsas de 6 K', '4, 6 y 8 bolsas de 12 K', '3, 4 y 6 bolsas de 8 K', 5, 1);
INSERT INTO `mathonline`.`evaluation` (`id_evaluation`, `id_subtopic`, `question`, `correct_answer`, `wrong_answer_a`, `wrong_answer_b`, `wrong_answer_c`, `points`, `status`) VALUES (20, 1, 'Determina el algoritmo de división de <math xmlns=\"http://www.w3.org/1998/Math/MathML\"><mfrac><mn>452</mn><mn>20</mn></mfrac></math>:', '20 (22+12)', '10 (2) (22.6)', '10 (22+12)', '20 (22.6)', 5, 1);
INSERT INTO `mathonline`.`evaluation` (`id_evaluation`, `id_subtopic`, `question`, `correct_answer`, `wrong_answer_a`, `wrong_answer_b`, `wrong_answer_c`, `points`, `status`) VALUES (21, 2, 'Realiza la siguiente operación, simplificando: <math xmlns=\"http://www.w3.org/1998/Math/MathML\"><mfrac><mn>1</mn><mn>5</mn></mfrac><mfenced><mrow><mfrac><mn>2</mn><mn>7</mn></mfrac><mo>-</mo><mn>5</mn></mrow></mfenced></math>', '<math xmlns=\"http://www.w3.org/1998/Math/MathML\"><mo>-</mo><mfrac><mn>33</mn><mn>35</mn></mfrac></math>', '<math xmlns=\"http://www.w3.org/1998/Math/MathML\"><mo>-</mo><mfrac><mn>3</mn><mn>35</mn></mfrac></math>', '<math xmlns=\"http://www.w3.org/1998/Math/MathML\"><mo>-</mo><mfrac><mn>4</mn><mn>35</mn></mfrac></math>', '<math xmlns=\"http://www.w3.org/1998/Math/MathML\"><mo>-</mo><mfrac><mn>165</mn><mn>175</mn></mfrac></math>', 5, 1);
INSERT INTO `mathonline`.`evaluation` (`id_evaluation`, `id_subtopic`, `question`, `correct_answer`, `wrong_answer_a`, `wrong_answer_b`, `wrong_answer_c`, `points`, `status`) VALUES (22, 2, 'La expresión <math xmlns=\"http://www.w3.org/1998/Math/MathML\"><mfrac><mn>2</mn><mn>5</mn></mfrac><mfenced><mn>3</mn></mfenced></math> es equivalente a:', '<math xmlns=\"http://www.w3.org/1998/Math/MathML\"><mfrac><mstyle displaystyle=\"true\"><mfrac bevelled=\"true\"><mn>2</mn><mn>5</mn></mfrac></mstyle><mstyle displaystyle=\"true\"><mfrac bevelled=\"true\"><mn>1</mn><mn>3</mn></mfrac></mstyle></mfrac></math>', '<math xmlns=\"http://www.w3.org/1998/Math/MathML\"><mfrac><mstyle displaystyle=\"true\"><mfrac bevelled=\"true\"><mn>5</mn><mn>2</mn></mfrac></mstyle><mstyle displaystyle=\"true\"><mfrac bevelled=\"true\"><mn>1</mn><mn>3</mn></mfrac></mstyle></mfrac></math>', '<math xmlns=\"http://www.w3.org/1998/Math/MathML\"><mfrac><mstyle displaystyle=\"true\"><mfrac bevelled=\"true\"><mn>3</mn><mn>2</mn></mfrac></mstyle><mstyle displaystyle=\"true\"><mfrac bevelled=\"true\"><mn>1</mn><mn>5</mn></mfrac></mstyle></mfrac></math>', '<math xmlns=\"http://www.w3.org/1998/Math/MathML\"><mfrac><mstyle displaystyle=\"true\"><mfrac bevelled=\"true\"><mn>5</mn><mn>3</mn></mfrac></mstyle><mstyle displaystyle=\"true\"><mfrac bevelled=\"true\"><mn>1</mn><mn>2</mn></mfrac></mstyle></mfrac></math>', 5, 1);
INSERT INTO `mathonline`.`evaluation` (`id_evaluation`, `id_subtopic`, `question`, `correct_answer`, `wrong_answer_a`, `wrong_answer_b`, `wrong_answer_c`, `points`, `status`) VALUES (23, 2, 'El resultado de simplificar <math xmlns=\"http://www.w3.org/1998/Math/MathML\"><mfrac><mstyle displaystyle=\"true\"><mn>1</mn><mo>-</mo><mfrac><mn>1</mn><mn>2</mn></mfrac></mstyle><mstyle displaystyle=\"true\"><mfrac><mn>3</mn><mn>4</mn></mfrac><mo>-</mo><mfrac><mn>5</mn><mn>8</mn></mfrac></mstyle></mfrac></math> es:', '4', '3', '6', '5', 5, 1);
INSERT INTO `mathonline`.`evaluation` (`id_evaluation`, `id_subtopic`, `question`, `correct_answer`, `wrong_answer_a`, `wrong_answer_b`, `wrong_answer_c`, `points`, `status`) VALUES (24, 2, 'La expresión  <math xmlns=\"http://www.w3.org/1998/Math/MathML\"><mfenced><mrow><mn>5</mn><mo>+</mo><mfrac><mn>1</mn><mn>10</mn></mfrac></mrow></mfenced><mo>&#xD7;</mo><mfenced><mrow><mn>1</mn><mo>-</mo><mfrac><mn>12</mn><mn>17</mn></mfrac></mrow></mfenced></math> es equivalente a:', '<math xmlns=\"http://www.w3.org/1998/Math/MathML\"><mn>1</mn><mo>+</mo><mfrac><mn>1</mn><mn>2</mn></mfrac></math>', '<math xmlns=\"http://www.w3.org/1998/Math/MathML\"><mfrac><mn>2</mn><mn>10</mn></mfrac></math>', '<math xmlns=\"http://www.w3.org/1998/Math/MathML\"><mfrac><mn>3</mn><mn>4</mn></mfrac></math>', '<math xmlns=\"http://www.w3.org/1998/Math/MathML\"><mfrac><mn>1</mn><mn>17</mn></mfrac></math>', 5, 1);
INSERT INTO `mathonline`.`evaluation` (`id_evaluation`, `id_subtopic`, `question`, `correct_answer`, `wrong_answer_a`, `wrong_answer_b`, `wrong_answer_c`, `points`, `status`) VALUES (25, 2, 'Resuelve la siguiente operación: <math xmlns=\"http://www.w3.org/1998/Math/MathML\"><mfrac><mstyle displaystyle=\"true\"><mfenced><mfrac><mn>2</mn><mrow><mn>3</mn><mstyle displaystyle=\"true\"><mfrac><mn>1</mn><mn>3</mn></mfrac></mstyle></mrow></mfrac></mfenced></mstyle><mstyle displaystyle=\"true\"><mfenced><mfrac><mstyle displaystyle=\"true\"><mfrac><mn>3</mn><mn>2</mn></mfrac></mstyle><mrow><mn>7</mn><mstyle displaystyle=\"true\"><mfrac><mn>5</mn><mn>6</mn></mfrac></mstyle></mrow></mfrac></mfenced></mstyle></mfrac><mo>=</mo></math>', '<math xmlns=\"http://www.w3.org/1998/Math/MathML\"><mfrac><mn>47</mn><mn>15</mn></mfrac></math>', '<math xmlns=\"http://www.w3.org/1998/Math/MathML\"><mfrac><mn>191</mn><mn>180</mn></mfrac></math>', '<math xmlns=\"http://www.w3.org/1998/Math/MathML\"><mfrac><mn>27</mn><mn>235</mn></mfrac></math>', '<math xmlns=\"http://www.w3.org/1998/Math/MathML\"><mfrac><mn>210</mn><mn>27</mn></mfrac></math>', 5, 1);
INSERT INTO `mathonline`.`evaluation` (`id_evaluation`, `id_subtopic`, `question`, `correct_answer`, `wrong_answer_a`, `wrong_answer_b`, `wrong_answer_c`, `points`, `status`) VALUES (26, 2, 'Los <math xmlns=\"http://www.w3.org/1998/Math/MathML\"><mfenced><mfrac><mn>5</mn><mn>6</mn></mfrac></mfenced></math> de un terreno están sembrados en partes iguales de chile de árbol y de jalapeño. Si el terreno mide dos y media hectáreas, ¿cuántas hectáreas se dedican al cultivo del chile jalapeño?', '<math xmlns=\"http://www.w3.org/1998/Math/MathML\"><mfenced><mfrac><mn>25</mn><mn>24</mn></mfrac></mfenced></math>', '<math xmlns=\"http://www.w3.org/1998/Math/MathML\"><mfenced><mfrac><mn>7</mn><mn>6</mn></mfrac></mfenced></math>', '<math xmlns=\"http://www.w3.org/1998/Math/MathML\"><mfenced><mfrac><mn>4</mn><mn>3</mn></mfrac></mfenced></math>', '<math xmlns=\"http://www.w3.org/1998/Math/MathML\"><mfenced><mfrac><mn>13</mn><mn>12</mn></mfrac></mfenced></math>', 5, 1);
INSERT INTO `mathonline`.`evaluation` (`id_evaluation`, `id_subtopic`, `question`, `correct_answer`, `wrong_answer_a`, `wrong_answer_b`, `wrong_answer_c`, `points`, `status`) VALUES (27, 2, 'La relación inversa de la expresión <math xmlns=\"http://www.w3.org/1998/Math/MathML\"><mfrac><mn>1</mn><mn>6</mn></mfrac><mfenced><mn>3</mn></mfenced></math> es:', '<math xmlns=\"http://www.w3.org/1998/Math/MathML\"><mfrac><mstyle displaystyle=\"true\"><mfrac bevelled=\"true\"><mn>1</mn><mn>6</mn></mfrac></mstyle><mn>3</mn></mfrac></math>', '<math xmlns=\"http://www.w3.org/1998/Math/MathML\"><mn>6</mn><mo>(</mo><mn>3</mn><mo>)</mo></math>', '<math xmlns=\"http://www.w3.org/1998/Math/MathML\"><mfrac><mstyle displaystyle=\"true\"><mfrac bevelled=\"true\"><mn>1</mn><mn>6</mn></mfrac></mstyle><mstyle displaystyle=\"true\"><mfrac bevelled=\"true\"><mn>1</mn><mn>3</mn></mfrac></mstyle></mfrac></math>', '<math xmlns=\"http://www.w3.org/1998/Math/MathML\"><mn>6</mn><mfenced><mfrac><mn>1</mn><mn>3</mn></mfrac></mfenced></math>', 5, 1);
INSERT INTO `mathonline`.`evaluation` (`id_evaluation`, `id_subtopic`, `question`, `correct_answer`, `wrong_answer_a`, `wrong_answer_b`, `wrong_answer_c`, `points`, `status`) VALUES (28, 2, 'Juan repartió 240 litros de leche en la escuela primaria de su delegación. Si la empacó en envases de <math xmlns=\"http://www.w3.org/1998/Math/MathML\"><mfrac><mn>2</mn><mn>3</mn></mfrac></math> de litro, ¿cuántos envases llenó? ', '360', '300', '480', '160', 5, 1);
INSERT INTO `mathonline`.`evaluation` (`id_evaluation`, `id_subtopic`, `question`, `correct_answer`, `wrong_answer_a`, `wrong_answer_b`, `wrong_answer_c`, `points`, `status`) VALUES (29, 2, '¿Cuál es la velocidad en km/h de una motocicleta que recorre 240 km. en  <math xmlns=\"http://www.w3.org/1998/Math/MathML\"><mn>2</mn><mfrac><mn>2</mn><mn>3</mn></mfrac></math> h?', '90 km/h', '120 km/h', '80 km/h', '70 km/h', 5, 1);
INSERT INTO `mathonline`.`evaluation` (`id_evaluation`, `id_subtopic`, `question`, `correct_answer`, `wrong_answer_a`, `wrong_answer_b`, `wrong_answer_c`, `points`, `status`) VALUES (30, 2, '¿Cómo se expresa 90 km/h en m/seg?', '25 m/seg', '20 m/seg', '5 m/seg', '36 m/seg', 5, 1);
INSERT INTO `mathonline`.`evaluation` (`id_evaluation`, `id_subtopic`, `question`, `correct_answer`, `wrong_answer_a`, `wrong_answer_b`, `wrong_answer_c`, `points`, `status`) VALUES (31, 2, 'Un obrero tiene un juego de llaves de tuercas que varían cada 1/16 de pulgada, desde ½ pulgada hasta 1 ½ pulgadas. Si la llave de ½ pulgada es muy pequeña y la de 5/8 es demasiado grande para una tuerca en particular, ¿qué tamaño de llave debe tomar el obrero?', '9/16', '4/8', '11/16', '8/16', 5, 1);
INSERT INTO `mathonline`.`evaluation` (`id_evaluation`, `id_subtopic`, `question`, `correct_answer`, `wrong_answer_a`, `wrong_answer_b`, `wrong_answer_c`, `points`, `status`) VALUES (32, 2, 'El resultado de la operación <math xmlns=\"http://www.w3.org/1998/Math/MathML\"><mfenced><mrow><mn>1</mn><mfrac><mn>1</mn><mn>2</mn></mfrac></mrow></mfenced><mo>&#xD7;</mo><mfenced><mrow><mn>2</mn><mfrac><mn>4</mn><mn>6</mn></mfrac></mrow></mfenced><mo>&#xD7;</mo><mfenced><mrow><mn>2</mn><mfrac><mn>2</mn><mn>5</mn></mfrac></mrow></mfenced><mo>&#xD7;</mo><mfenced><mrow><mn>2</mn><mfrac><mn>1</mn><mn>4</mn></mfrac></mrow></mfenced></math> es:', '<math xmlns=\"http://www.w3.org/1998/Math/MathML\"><mfenced><mfrac><mn>108</mn><mn>5</mn></mfrac></mfenced></math>', '<math xmlns=\"http://www.w3.org/1998/Math/MathML\"><mfenced><mfrac><mn>54</mn><mn>15</mn></mfrac></mfenced></math>', '<math xmlns=\"http://www.w3.org/1998/Math/MathML\"><mfenced><mfrac><mn>23</mn><mn>30</mn></mfrac></mfenced></math>', '<math xmlns=\"http://www.w3.org/1998/Math/MathML\"><mfenced><mfrac><mn>108</mn><mn>25</mn></mfrac></mfenced></math>', 5, 1);
INSERT INTO `mathonline`.`evaluation` (`id_evaluation`, `id_subtopic`, `question`, `correct_answer`, `wrong_answer_a`, `wrong_answer_b`, `wrong_answer_c`, `points`, `status`) VALUES (33, 2, 'Un obrero tiene un juego de llaves de tuercas que varían cada 1/16 de pulgada, desde ½ pulgada hasta 1 ½ pulgadas. Si la llave de 1 1/4 pulgada es muy pequeña y la de 1 3/8 es demasiado grande para una tuerca en particular, ¿qué tamaño de llave debe tomar el obrero?', '21/16', '23/16', '22/16', '19/16', 5, 1);
INSERT INTO `mathonline`.`evaluation` (`id_evaluation`, `id_subtopic`, `question`, `correct_answer`, `wrong_answer_a`, `wrong_answer_b`, `wrong_answer_c`, `points`, `status`) VALUES (34, 2, 'De las siguientes fracciones, ¿cuál es la más grande?', '3/4', '9/16', '5/8', '2/3', 5, 1);
INSERT INTO `mathonline`.`evaluation` (`id_evaluation`, `id_subtopic`, `question`, `correct_answer`, `wrong_answer_a`, `wrong_answer_b`, `wrong_answer_c`, `points`, `status`) VALUES (35, 2, 'Resuelve la siguiente operación: <math xmlns=\"http://www.w3.org/1998/Math/MathML\"><mfrac><mn>6</mn><mn>5</mn></mfrac><mo>+</mo><msup><mn>3</mn><mn>2</mn></msup><mo>=</mo></math>', '<math xmlns=\"http://www.w3.org/1998/Math/MathML\"><mn>10</mn><mo>+</mo><mfrac><mn>1</mn><mn>5</mn></mfrac></math>', '<math xmlns=\"http://www.w3.org/1998/Math/MathML\"><mfrac><mn>6</mn><mn>45</mn></mfrac></math>', '<math xmlns=\"http://www.w3.org/1998/Math/MathML\"><mfrac><mn>54</mn><mn>5</mn></mfrac></math>', '<math xmlns=\"http://www.w3.org/1998/Math/MathML\"><mfrac><mn>50</mn><mn>5</mn></mfrac></math>', 5, 1);
INSERT INTO `mathonline`.`evaluation` (`id_evaluation`, `id_subtopic`, `question`, `correct_answer`, `wrong_answer_a`, `wrong_answer_b`, `wrong_answer_c`, `points`, `status`) VALUES (36, 2, '¿Cuánto se paga por una foto de tamaño <math xmlns=\"http://www.w3.org/1998/Math/MathML\"><mn>5</mn><mfrac><mn>1</mn><mn>3</mn></mfrac></math> pulgadas <math xmlns=\"http://www.w3.org/1998/Math/MathML\"><mn>3</mn><mfrac><mn>1</mn><mn>4</mn></mfrac></math> por pulgadas, si cada pulgada cuadrada de papel fotográfico cuesta $2.25?', '39', '30', '28', '42', 5, 1);
INSERT INTO `mathonline`.`evaluation` (`id_evaluation`, `id_subtopic`, `question`, `correct_answer`, `wrong_answer_a`, `wrong_answer_b`, `wrong_answer_c`, `points`, `status`) VALUES (37, 2, 'Encuentra el resultado de la siguiente expresión: <math xmlns=\"http://www.w3.org/1998/Math/MathML\"><mfrac><msup><mn>3</mn><mrow><mo>-</mo><mn>2</mn></mrow></msup><mstyle displaystyle=\"true\"><mfrac><mn>1</mn><mn>3</mn></mfrac></mstyle></mfrac></math>', '<math xmlns=\"http://www.w3.org/1998/Math/MathML\"><mfrac><mn>1</mn><mn>3</mn></mfrac></math>', '<math xmlns=\"http://www.w3.org/1998/Math/MathML\"><mfrac><mn>1</mn><mn>27</mn></mfrac></math>', '1', '3', 5, 1);
INSERT INTO `mathonline`.`evaluation` (`id_evaluation`, `id_subtopic`, `question`, `correct_answer`, `wrong_answer_a`, `wrong_answer_b`, `wrong_answer_c`, `points`, `status`) VALUES (38, 2, 'La población del D.F. aumentó <math xmlns=\"http://www.w3.org/1998/Math/MathML\"><mfrac><mn>1</mn><mn>36</mn></mfrac></math> en el primer trimestre de este año y <math xmlns=\"http://www.w3.org/1998/Math/MathML\"><mfrac><mn>1</mn><mn>18</mn></mfrac></math> en el segundo trimestre, con respecto al año pasado. Si había 18 millones de habitantes al inicio del año, ¿cuántos habitantes hay al inicio del segundo semestre?', '19500000', '18750000', '20000000', '21000000', 5, 1);
INSERT INTO `mathonline`.`evaluation` (`id_evaluation`, `id_subtopic`, `question`, `correct_answer`, `wrong_answer_a`, `wrong_answer_b`, `wrong_answer_c`, `points`, `status`) VALUES (39, 2, 'El costo de medio kilo de harina es de $8. ¿Cuál es el precio de <math xmlns=\"http://www.w3.org/1998/Math/MathML\"><mn>5</mn><mfrac><mn>3</mn><mn>4</mn></mfrac></math> kilos?', '$92', '$46', '$88', '$72', 5, 1);
INSERT INTO `mathonline`.`evaluation` (`id_evaluation`, `id_subtopic`, `question`, `correct_answer`, `wrong_answer_a`, `wrong_answer_b`, `wrong_answer_c`, `points`, `status`) VALUES (40, 2, 'Encuentra el resultado de la siguiente operación y simplifica: <math xmlns=\"http://www.w3.org/1998/Math/MathML\"><mfrac><mrow><mfenced><mstyle displaystyle=\"true\"><mfrac><mn>1</mn><mn>5</mn></mfrac></mstyle></mfenced><mfenced><mstyle displaystyle=\"true\"><mfrac><mn>2</mn><mn>3</mn></mfrac></mstyle></mfenced></mrow><mn>4</mn></mfrac></math>', '<math xmlns=\"http://www.w3.org/1998/Math/MathML\"><mfrac><mn>1</mn><mn>30</mn></mfrac></math>', '<math xmlns=\"http://www.w3.org/1998/Math/MathML\"><mfrac><mn>8</mn><mn>15</mn></mfrac></math>', '<math xmlns=\"http://www.w3.org/1998/Math/MathML\"><mfrac><mn>9</mn><mn>40</mn></mfrac></math>', '<math xmlns=\"http://www.w3.org/1998/Math/MathML\"><mfrac><mn>9</mn><mn>10</mn></mfrac></math>', 5, 1);
INSERT INTO `mathonline`.`evaluation` (`id_evaluation`, `id_subtopic`, `question`, `correct_answer`, `wrong_answer_a`, `wrong_answer_b`, `wrong_answer_c`, `points`, `status`) VALUES (41, 2, 'La fracción  <math xmlns=\"http://www.w3.org/1998/Math/MathML\"><mfrac><mn>1</mn><mrow><mn>1</mn><mo>+</mo><mstyle displaystyle=\"true\"><mfrac><mn>1</mn><mrow><mstyle displaystyle=\"true\"><mfrac><mn>7</mn><mn>2</mn></mfrac></mstyle><mo>-</mo><mn>3</mn></mrow></mfrac></mstyle></mrow></mfrac></math> es equivalente a:', '<math xmlns=\"http://www.w3.org/1998/Math/MathML\"><mfenced><mfrac><mn>1</mn><mn>3</mn></mfrac></mfenced></math>', '<math xmlns=\"http://www.w3.org/1998/Math/MathML\"><mfenced><mfrac><mn>2</mn><mn>3</mn></mfrac></mfenced></math>', '<math xmlns=\"http://www.w3.org/1998/Math/MathML\"><mfenced><mfrac><mn>1</mn><mn>7</mn></mfrac></mfenced></math>', '<math xmlns=\"http://www.w3.org/1998/Math/MathML\"><mfenced><mfrac><mn>3</mn><mn>4</mn></mfrac></mfenced></math>', 5, 1);
INSERT INTO `mathonline`.`evaluation` (`id_evaluation`, `id_subtopic`, `question`, `correct_answer`, `wrong_answer_a`, `wrong_answer_b`, `wrong_answer_c`, `points`, `status`) VALUES (42, 2, 'La razón 15:20 es equivalente a:', '3:4', '20:1.5', '1.5:20', '4:3', 5, 1);
INSERT INTO `mathonline`.`evaluation` (`id_evaluation`, `id_subtopic`, `question`, `correct_answer`, `wrong_answer_a`, `wrong_answer_b`, `wrong_answer_c`, `points`, `status`) VALUES (43, 2, 'El factor de proporcionalidad de la expresión 4:5 = 32:40 es:', '8', '10', '5', '4', 5, 1);
INSERT INTO `mathonline`.`evaluation` (`id_evaluation`, `id_subtopic`, `question`, `correct_answer`, `wrong_answer_a`, `wrong_answer_b`, `wrong_answer_c`, `points`, `status`) VALUES (44, 2, 'Si 4 decenas de pares de llantas de bicicletas cuestan $24,000, ¿cuánto cuestan 30 pares de llantas?', '$18.00', '$16.00', '$21.00', '$8.00', 5, 1);
INSERT INTO `mathonline`.`evaluation` (`id_evaluation`, `id_subtopic`, `question`, `correct_answer`, `wrong_answer_a`, `wrong_answer_b`, `wrong_answer_c`, `points`, `status`) VALUES (45, 2, 'Fernando corre 9 kilómetros en 1 hora y media. ¿Cuánto correrá en 2 horas si mantiene la misma velocidad?', '12', '6', '2.5', '4.5', 5, 1);
INSERT INTO `mathonline`.`evaluation` (`id_evaluation`, `id_subtopic`, `question`, `correct_answer`, `wrong_answer_a`, `wrong_answer_b`, `wrong_answer_c`, `points`, `status`) VALUES (46, 2, 'Laura pagó por una sala $6,400. Este precio incluía el 20% de descuento y le volvieron a hacer otro 20% de descuento adicional. ¿Cuál era el precio original de la sala? ', '$10.00', '$8.00', '$9.40', '$12.00', 5, 1);
INSERT INTO `mathonline`.`evaluation` (`id_evaluation`, `id_subtopic`, `question`, `correct_answer`, `wrong_answer_a`, `wrong_answer_b`, `wrong_answer_c`, `points`, `status`) VALUES (47, 2, 'Un cuadrado mide 4 cm. por lado. Si se necesita cubrir un área cuadrada de 16 cm2. ¿Cuántos cuadrados se necesitarán para cubrir esta área?', '1', '12', '8', '4', 5, 1);
INSERT INTO `mathonline`.`evaluation` (`id_evaluation`, `id_subtopic`, `question`, `correct_answer`, `wrong_answer_a`, `wrong_answer_b`, `wrong_answer_c`, `points`, `status`) VALUES (48, 2, 'Una polea de 75 cm. de diámetro está unida por una cuerda a otra polea de 35 cm. de diámetro. Si la primera polea da 350 vueltas por minuto, ¿cuántas vueltas por minuto da la segunda? ', '750', '450', '600', '700', 5, 1);
INSERT INTO `mathonline`.`evaluation` (`id_evaluation`, `id_subtopic`, `question`, `correct_answer`, `wrong_answer_a`, `wrong_answer_b`, `wrong_answer_c`, `points`, `status`) VALUES (49, 2, 'Encuentra la razón de la expresión <math xmlns=\"http://www.w3.org/1998/Math/MathML\"><mfrac><mn>400</mn><mn>350</mn></mfrac></math>:', '<math xmlns=\"http://www.w3.org/1998/Math/MathML\"><mfrac><mn>8</mn><mn>7</mn></mfrac></math>', '<math xmlns=\"http://www.w3.org/1998/Math/MathML\"><mfrac><mrow><mn>3</mn><mo>.</mo><mn>5</mn></mrow><mn>40</mn></mfrac></math>', '<math xmlns=\"http://www.w3.org/1998/Math/MathML\"><mfrac><mn>40</mn><mrow><mn>3</mn><mo>.</mo><mn>5</mn></mrow></mfrac></math>', '<math xmlns=\"http://www.w3.org/1998/Math/MathML\"><mfrac><mn>7</mn><mn>8</mn></mfrac></math>', 5, 1);
INSERT INTO `mathonline`.`evaluation` (`id_evaluation`, `id_subtopic`, `question`, `correct_answer`, `wrong_answer_a`, `wrong_answer_b`, `wrong_answer_c`, `points`, `status`) VALUES (50, 2, 'Una persona trabaja una hora diaria durante 20 días y logra apilar 5,000 ladrillos. ¿Cuánto tendrá que trabajar diariamente en iguales condiciones para apilar 8,000 ladrillos en 15 días?', '2h  8 min', '3h', '2h  36min', '1h  56min', 5, 1);
INSERT INTO `mathonline`.`evaluation` (`id_evaluation`, `id_subtopic`, `question`, `correct_answer`, `wrong_answer_a`, `wrong_answer_b`, `wrong_answer_c`, `points`, `status`) VALUES (51, 2, 'Si se requieren 3 podadoras para cortar el césped de un parque en 24 días, ¿cuántas se requieren para cortar el césped en 9 días? ', '8', '3', '6', '12', 5, 1);
INSERT INTO `mathonline`.`evaluation` (`id_evaluation`, `id_subtopic`, `question`, `correct_answer`, `wrong_answer_a`, `wrong_answer_b`, `wrong_answer_c`, `points`, `status`) VALUES (52, 2, 'Se tiene un cubo de <math xmlns=\"http://www.w3.org/1998/Math/MathML\"><mn>3</mn><mo>&#xA0;</mo><msup><mi>m</mi><mn>3</mn></msup></math> Si una tercera parte se cubre con arena, una sexta parte con cemento y el resto con tierra, ¿qué volumen está cubierto con tierra?', '<math xmlns=\"http://www.w3.org/1998/Math/MathML\"><mn>1</mn><mo>.</mo><mn>5</mn><mo>&#xA0;</mo><msup><mi>m</mi><mn>3</mn></msup></math>', '<math xmlns=\"http://www.w3.org/1998/Math/MathML\"><mn>2</mn><mo>&#xA0;</mo><msup><mi>m</mi><mn>3</mn></msup></math>', '<math xmlns=\"http://www.w3.org/1998/Math/MathML\"><mn>1</mn><mo>&#xA0;</mo><msup><mi>m</mi><mn>3</mn></msup></math>', '<math xmlns=\"http://www.w3.org/1998/Math/MathML\"><mn>0</mn><mo>.</mo><mn>5</mn><mo>&#xA0;</mo><msup><mi>m</mi><mn>3</mn></msup></math>', 5, 1);
INSERT INTO `mathonline`.`evaluation` (`id_evaluation`, `id_subtopic`, `question`, `correct_answer`, `wrong_answer_a`, `wrong_answer_b`, `wrong_answer_c`, `points`, `status`) VALUES (53, 2, 'Un diamante cuesta $16,000. Su precio es proporcional al cuadrado de su peso. Si se corta en dos pedazos y el peso de cada pedazo se encuentra en una relación de 1 a 3, ¿cuánto costará cada pedazo?', '$9,000 y $1,000 ', '$7,000 y $3,000', '$8,000 y $2,000', '$3,000 y $1,000', 5, 1);
INSERT INTO `mathonline`.`evaluation` (`id_evaluation`, `id_subtopic`, `question`, `correct_answer`, `wrong_answer_a`, `wrong_answer_b`, `wrong_answer_c`, `points`, `status`) VALUES (54, 2, 'La distancia entre los centros de dos engranes es de 50 cm. ¿Cuáles serán sus diámetros, si sus velocidades se encuentran a razón de 4 a 5?', '44.44 y 55.56 cm.', '60 y 40 cm.', '35.35 y 64.65 cm.', '55 y 45 cm.', 5, 1);
INSERT INTO `mathonline`.`evaluation` (`id_evaluation`, `id_subtopic`, `question`, `correct_answer`, `wrong_answer_a`, `wrong_answer_b`, `wrong_answer_c`, `points`, `status`) VALUES (55, 2, 'Tengo una cuerda de 3.2 m de largo. La debo cortar en tres pedazos a razón de 4:5:1. ¿De qué tamaño es el pedazo más corto?', '32 cm', '3.2 cm', '0.032 m', '1.6 m', 5, 1);
INSERT INTO `mathonline`.`evaluation` (`id_evaluation`, `id_subtopic`, `question`, `correct_answer`, `wrong_answer_a`, `wrong_answer_b`, `wrong_answer_c`, `points`, `status`) VALUES (56, 2, 'El cobro por la electricidad que se surte a una casa consta de dos partes: una parte fija de $140 y una parte variable según el consumo. Si el costo total de consumir 200 unidades de electricidad es de $320, ¿cuánto es la parte variable expresada en pesos por unidad?', '0.9', '1.2', '1.6', '2.3', 5, 1);
INSERT INTO `mathonline`.`evaluation` (`id_evaluation`, `id_subtopic`, `question`, `correct_answer`, `wrong_answer_a`, `wrong_answer_b`, `wrong_answer_c`, `points`, `status`) VALUES (57, 2, 'Para pintar el interior de una casa, se cotizó el precio de tres proveedores de pintura. El proveedor 1 vende botes de 18 litros a $342. El proveedor 2 vende botes de 20 litros a $375. El proveedor 3 vende botes de 15 litros a $300. El mejor precio lo ofrece el proveedor: ', '2', '1', '3', 'todos ofrecen el mismo precio', 5, 1);
INSERT INTO `mathonline`.`evaluation` (`id_evaluation`, `id_subtopic`, `question`, `correct_answer`, `wrong_answer_a`, `wrong_answer_b`, `wrong_answer_c`, `points`, `status`) VALUES (58, 2, 'Juan midió en un mapa la distancia a la que aparecen dibujadas dos ciudades. Si ésa distancia es de 2.5 cm y Juan sabe que las ciudades están en realidad a 50 km de distancia una de la otra, ¿cuál es la escala utilizada?', '1:2,000,000', '1:200,000', '1:20,000', '1:2,000', 5, 1);
INSERT INTO `mathonline`.`evaluation` (`id_evaluation`, `id_subtopic`, `question`, `correct_answer`, `wrong_answer_a`, `wrong_answer_b`, `wrong_answer_c`, `points`, `status`) VALUES (59, 2, 'El último informe turístico reportó que la ciudad X fue visitada por 15,780 turistas el año pasado y por 20,514 turistas este año. ¿Cuál es la relación entre los turistas del año pasado y del actual?', '1 a 1.3', '1 a 3', '3 a 1', '1.3 a 1', 5, 1);
INSERT INTO `mathonline`.`evaluation` (`id_evaluation`, `id_subtopic`, `question`, `correct_answer`, `wrong_answer_a`, `wrong_answer_b`, `wrong_answer_c`, `points`, `status`) VALUES (60, 2, 'Una receta de cocina requiere  2 tazas de harina para hacer 5 docenas de galletas. Si deseo 8 docenas de galletas, ¿cuántas tazas de harina necesito?', '3 1/5 tazas', '3 5/8 tazas', '3 tazas', '3 1/8 tazas', 5, 1);
INSERT INTO `mathonline`.`evaluation` (`id_evaluation`, `id_subtopic`, `question`, `correct_answer`, `wrong_answer_a`, `wrong_answer_b`, `wrong_answer_c`, `points`, `status`) VALUES (61, 2, 'Se quiere amplificar un poster de 12 pulgadas de ancho por 16 pulgadas de alto, para que tenga 18 pulgadas de ancho. ¿Cuál será su altura?', '24 pulgadas', '22 pulgadas', '32 pulgadas', '18 pulgadas', 5, 1);
INSERT INTO `mathonline`.`evaluation` (`id_evaluation`, `id_subtopic`, `question`, `correct_answer`, `wrong_answer_a`, `wrong_answer_b`, `wrong_answer_c`, `points`, `status`) VALUES (62, 2, 'Un trabajo consta de seis partes. Un tercio de la primera parte tomó una semana. Si  toma el mismo tiempo desarrollar cada una de las partes, ¿cuánto tiempo va a tomar terminar el trabajo completo?', 'Cuatro meses y medio', 'Seis semanas', 'Dieciocho meses', 'Seis meses', 5, 1);
INSERT INTO `mathonline`.`evaluation` (`id_evaluation`, `id_subtopic`, `question`, `correct_answer`, `wrong_answer_a`, `wrong_answer_b`, `wrong_answer_c`, `points`, `status`) VALUES (63, 2, 'Al visitar cuatro tiendas distintas, se observó que la primera ofrece 12 cuadernos por $150; la segunda ofrece 18 cuadernos por $216; la tercera ofrece 24 cuadernos por $276 y la cuarta ofrece 3 cuadernos por $36. La mejor compra la ofrece la tienda:', 'tercera', 'segunda', 'primera', 'cuarta', 5, 1);
INSERT INTO `mathonline`.`evaluation` (`id_evaluation`, `id_subtopic`, `question`, `correct_answer`, `wrong_answer_a`, `wrong_answer_b`, `wrong_answer_c`, `points`, `status`) VALUES (64, 2, 'Si 200 gramos de pan cuestan $25 y 300 gramos de queso cuestan $75  ¿Cuánto se gastará en total si se compra 1 kilo de cada producto?', '$375', '$300', '$250', '$125', 5, 1);
INSERT INTO `mathonline`.`evaluation` (`id_evaluation`, `id_subtopic`, `question`, `correct_answer`, `wrong_answer_a`, `wrong_answer_b`, `wrong_answer_c`, `points`, `status`) VALUES (65, 2, 'Se tienen 12 litros de una solución de agua con alcohol al 25%. ¿Cuántos litros de solución habrá si se desea reducir el alcohol al 10%?', '30', '25', '16', '12.5', 5, 1);
INSERT INTO `mathonline`.`evaluation` (`id_evaluation`, `id_subtopic`, `question`, `correct_answer`, `wrong_answer_a`, `wrong_answer_b`, `wrong_answer_c`, `points`, `status`) VALUES (66, 2, 'Un terreno rectangular mide 140 metros de largo por 100 metros de ancho. Si se toma 1/7 del total del terreno para construir una casa y el resto para el jardín, determina el área en &1& destinada a la casa.', '2', '1400', '12', '14', 5, 1);
INSERT INTO `mathonline`.`evaluation` (`id_evaluation`, `id_subtopic`, `question`, `correct_answer`, `wrong_answer_a`, `wrong_answer_b`, `wrong_answer_c`, `points`, `status`) VALUES (67, 2, 'Para construir una casa de 120 <math xmlns=\"http://www.w3.org/1998/Math/MathML\"><msup><mi>m</mi><mn>2</mn></msup></math>, 15 hombres trabajan 8 horas diarias durante 30 días. Si se desea construir una casa de 80 <math xmlns=\"http://www.w3.org/1998/Math/MathML\"><msup><mi>m</mi><mn>2</mn></msup></math>, ¿cuántos días tendrán que trabajar  8 hombres, 4 horas diarias?', '75 días', '60 días', '45 días', '80 días', 5, 1);
INSERT INTO `mathonline`.`evaluation` (`id_evaluation`, `id_subtopic`, `question`, `correct_answer`, `wrong_answer_a`, `wrong_answer_b`, `wrong_answer_c`, `points`, `status`) VALUES (68, 2, 'El resultado de dividir 50 en dos partes cuya razón sea de 2 a 3 es:', '30 y 20', '35 y 15', '25 y 25', '40 y 10', 5, 1);
INSERT INTO `mathonline`.`evaluation` (`id_evaluation`, `id_subtopic`, `question`, `correct_answer`, `wrong_answer_a`, `wrong_answer_b`, `wrong_answer_c`, `points`, `status`) VALUES (69, 2, 'Un paquete de 72 dulces se va a repartir en proporción 4:3:2. ¿Cuántos dulces tendrá la porción más grande?', '32', '18', '8', '24', 5, 1);
INSERT INTO `mathonline`.`evaluation` (`id_evaluation`, `id_subtopic`, `question`, `correct_answer`, `wrong_answer_a`, `wrong_answer_b`, `wrong_answer_c`, `points`, `status`) VALUES (70, 2, 'En un plano, un muro de 6.5 m. de largo aparece como una recta de 13 cm. ¿A qué escala está dibujado el plano?', '1:50', '2:40', '9:20', '4:20', 5, 1);
INSERT INTO `mathonline`.`evaluation` (`id_evaluation`, `id_subtopic`, `question`, `correct_answer`, `wrong_answer_a`, `wrong_answer_b`, `wrong_answer_c`, `points`, `status`) VALUES (71, 2, 'Juan tiene un terreno de 40 metros de frente por 10 metros de fondo. Va a vender una cuarta parte a David y dos cuartas partes a Ana. ¿Qué porcentaje del terreno le quedará a Juan?', '25%', '12.5%', '33%', '50%', 5, 1);
INSERT INTO `mathonline`.`evaluation` (`id_evaluation`, `id_subtopic`, `question`, `correct_answer`, `wrong_answer_a`, `wrong_answer_b`, `wrong_answer_c`, `points`, `status`) VALUES (72, 2, 'Fernanda tiene una familia con quienes reparte equitativamente los gastos de la comida. La familia consiste de 5 hombres y 3 mujeres. ¿Qué porcentaje del total del gasto de comida pagan las mujeres?', '37.5%', '30.0%', '62.5%', '42.8%', 5, 1);
INSERT INTO `mathonline`.`evaluation` (`id_evaluation`, `id_subtopic`, `question`, `correct_answer`, `wrong_answer_a`, `wrong_answer_b`, `wrong_answer_c`, `points`, `status`) VALUES (73, 2, 'El agua, al congelarse, aumenta su volumen en 10% ¿A cuántos metros cúbicos de agua equivalen <math xmlns=\"http://www.w3.org/1998/Math/MathML\"><mn>660</mn><mo>&#xA0;</mo><msup><mi>m</mi><mn>3</mn></msup></math> de hielo?', '<math xmlns=\"http://www.w3.org/1998/Math/MathML\"><mn>600</mn><mo>&#xA0;</mo><msup><mi>m</mi><mn>3</mn></msup></math>', '<math xmlns=\"http://www.w3.org/1998/Math/MathML\"><mn>440</mn><mo>&#xA0;</mo><msup><mi>m</mi><mn>3</mn></msup></math>', '<math xmlns=\"http://www.w3.org/1998/Math/MathML\"><mn>726</mn><mo>&#xA0;</mo><msup><mi>m</mi><mn>3</mn></msup></math>', '<math xmlns=\"http://www.w3.org/1998/Math/MathML\"><mn>650</mn><mo>&#xA0;</mo><msup><mi>m</mi><mn>3</mn></msup></math>', 5, 1);
INSERT INTO `mathonline`.`evaluation` (`id_evaluation`, `id_subtopic`, `question`, `correct_answer`, `wrong_answer_a`, `wrong_answer_b`, `wrong_answer_c`, `points`, `status`) VALUES (74, 2, 'Enrique creció de 1.60 m a 1.64 m en el lapso de  4 años. ¿Cuál fue el porcentaje de aumento en altura?', '25', '105', '5', '105', 5, 1);
INSERT INTO `mathonline`.`evaluation` (`id_evaluation`, `id_subtopic`, `question`, `correct_answer`, `wrong_answer_a`, `wrong_answer_b`, `wrong_answer_c`, `points`, `status`) VALUES (75, 2, 'La empresa X debe pagar un impuesto de importación del 20% sobre el costo de los productos que compró en Singapur. ¿Qué valor corresponde al pago total?', '6/5 partes del costo de los productos', '8/5 partes del costo de los productos', '4/5 partes del costo de los productos', '7/5 partes del costo de los productos', 5, 1);
INSERT INTO `mathonline`.`evaluation` (`id_evaluation`, `id_subtopic`, `question`, `correct_answer`, `wrong_answer_a`, `wrong_answer_b`, `wrong_answer_c`, `points`, `status`) VALUES (76, 2, 'Las ventas de la empresa X al término del presente año representarán el 150% de las ventas del año pasado. En palabras se puede decir que este año se vendió:', 'vez y media lo del año pasado', 'quince veces más que el año pasado', 'cincuenta veces más que el año pasado', 'la mitad del año pasado', 5, 1);
INSERT INTO `mathonline`.`evaluation` (`id_evaluation`, `id_subtopic`, `question`, `correct_answer`, `wrong_answer_a`, `wrong_answer_b`, `wrong_answer_c`, `points`, `status`) VALUES (77, 2, 'La compañía de seguros informó que pagará el 80% del costo de la reparación de los daños. Otra manera de informarlo es que la compañía de seguro pagará:', 'las cuatro quintas partes del costo de la reparación de los daños.', 'ocho veces costo de la reparación de los daños.', 'la octava parte del costo de la reparación de los daños.', 'diez octavas partes del costo de la reparación de los daños.', 5, 1);
INSERT INTO `mathonline`.`evaluation` (`id_evaluation`, `id_subtopic`, `question`, `correct_answer`, `wrong_answer_a`, `wrong_answer_b`, `wrong_answer_c`, `points`, `status`) VALUES (78, 2, 'Juan gana $4,000 pesos quincenales y le ofrecieron un aumento de $400 pesos al mes. ¿Qué porcentaje incrementó su sueldo mensual?', '0.05', '0.2', '25', '0.1', 5, 1);
INSERT INTO `mathonline`.`evaluation` (`id_evaluation`, `id_subtopic`, `question`, `correct_answer`, `wrong_answer_a`, `wrong_answer_b`, `wrong_answer_c`, `points`, `status`) VALUES (79, 2, '¿Entre cuál valor se debe dividir un número para encontrar su 2½ %?', '40', '4', '250', '2.5', 5, 1);
INSERT INTO `mathonline`.`evaluation` (`id_evaluation`, `id_subtopic`, `question`, `correct_answer`, `wrong_answer_a`, `wrong_answer_b`, `wrong_answer_c`, `points`, `status`) VALUES (80, 2, '¿Por cuál valor se debe multiplicar un número para encontrar su 62½ %?', '5/8', '62.5', '625', '1.6', 5, 1);
INSERT INTO `mathonline`.`evaluation` (`id_evaluation`, `id_subtopic`, `question`, `correct_answer`, `wrong_answer_a`, `wrong_answer_b`, `wrong_answer_c`, `points`, `status`) VALUES (81, 2, 'De las 75 especies que se encuentran en el zoológico, 23 son aves y 19 son reptiles. El resto son mamíferos. ¿Qué porcentaje del total son mamíferos?', '44%', '33%', '22.7%', '66%', 5, 1);
INSERT INTO `mathonline`.`evaluation` (`id_evaluation`, `id_subtopic`, `question`, `correct_answer`, `wrong_answer_a`, `wrong_answer_b`, `wrong_answer_c`, `points`, `status`) VALUES (82, 2, 'En 1990, la población de una ciudad X era de 560,000 habitantes. Para el 2000, había aumentado el 20%. Si el ritmo de crecimiento continúa los siguientes 10 años,  ¿cuál será la población para el año 2010?', '806400', '784000', '560000', '1344000', 5, 1);
INSERT INTO `mathonline`.`evaluation` (`id_evaluation`, `id_subtopic`, `question`, `correct_answer`, `wrong_answer_a`, `wrong_answer_b`, `wrong_answer_c`, `points`, `status`) VALUES (83, 2, 'Si la venta del producto X aumentó en 0.1%, esto quiere decir que la venta sufrió un incremento de una ________________ parte.', 'milésima', 'centésima', 'décima', 'diezmilésima', 5, 1);
INSERT INTO `mathonline`.`evaluation` (`id_evaluation`, `id_subtopic`, `question`, `correct_answer`, `wrong_answer_a`, `wrong_answer_b`, `wrong_answer_c`, `points`, `status`) VALUES (84, 2, 'Si las ventas en una tienda incrementaron 300%, eso equivale a un aumento de  _______  veces.', '3', '300', '0.3', '30', 5, 1);
INSERT INTO `mathonline`.`evaluation` (`id_evaluation`, `id_subtopic`, `question`, `correct_answer`, `wrong_answer_a`, `wrong_answer_b`, `wrong_answer_c`, `points`, `status`) VALUES (85, 2, 'En el supermercado encontré mi producto favorito con un 25% de descuento. ¿Cuántos debo comprar para que uno de ellos me salga totalmente gratis?', '4', '6', '3', '5', 5, 1);
INSERT INTO `mathonline`.`evaluation` (`id_evaluation`, `id_subtopic`, `question`, `correct_answer`, `wrong_answer_a`, `wrong_answer_b`, `wrong_answer_c`, `points`, `status`) VALUES (86, 2, 'Un ganadero tiene 360 borregos de los cuales la cuarta parte se enfermó. De los borregos enfermos, se murieron el 30%. De los borregos sanos, se vendieron el 40%. ¿Cuántos borregos vivos le quedan al ganadero?', '225', '220', '195', '157', 5, 1);
INSERT INTO `mathonline`.`evaluation` (`id_evaluation`, `id_subtopic`, `question`, `correct_answer`, `wrong_answer_a`, `wrong_answer_b`, `wrong_answer_c`, `points`, `status`) VALUES (87, 2, 'Se presentaron al examen final 240 niños y 180 niñas. El 65% de los niños y el 60% de las niñas aprobaron. ¿Qué porcentaje del total de los niños y niñas que se presentó al examen lo aprobó?', '62.8%', '65%', '60%', '62.5%', 5, 1);
INSERT INTO `mathonline`.`evaluation` (`id_evaluation`, `id_subtopic`, `question`, `correct_answer`, `wrong_answer_a`, `wrong_answer_b`, `wrong_answer_c`, `points`, `status`) VALUES (88, 2, 'Hay 600 niños y 400 niñas en una escuela. Hubo un día en que se ausentó el 2% del alumnado. Si 1% de los niños se ausentó, ¿cuántas niñas asistieron a la escuela? ', '386', '390', '399', '260', 5, 1);
INSERT INTO `mathonline`.`evaluation` (`id_evaluation`, `id_subtopic`, `question`, `correct_answer`, `wrong_answer_a`, `wrong_answer_b`, `wrong_answer_c`, `points`, `status`) VALUES (89, 2, 'En un hospital hay un total de 600 personas. El 34% es personal del hospital y el resto son pacientes. Si el 75% del personal del hospital es femenino, ¿cuántos individuos del personal del hospital son hombres?', '51', '176', '153', '204', 5, 1);
INSERT INTO `mathonline`.`evaluation` (`id_evaluation`, `id_subtopic`, `question`, `correct_answer`, `wrong_answer_a`, `wrong_answer_b`, `wrong_answer_c`, `points`, `status`) VALUES (90, 2, 'En un recipiente se tienen 200 g de una cierta aleación con plata al 75%. Poco a poco se le agrega plata pura, hasta que la aleación llega al 90% de plata. ¿Cuántos gramos de plata se añadieron?', '300 g', '30 g', '150 g', '500 g', 5, 1);
INSERT INTO `mathonline`.`evaluation` (`id_evaluation`, `id_subtopic`, `question`, `correct_answer`, `wrong_answer_a`, `wrong_answer_b`, `wrong_answer_c`, `points`, `status`) VALUES (91, 2, 'Un restaurante extiende una factura por la cantidad total de $1,380, pero el cajero necesita desglosar el IVA del 15% y el consumo. ¿Cuánto tiene que anotar en el espacio correspondiente al IVA y cuánto en el espacio del consumo?', '$180 y $1,200', '$207 y $1,380', '$180 y $1,380', '$207 y $1,173', 5, 1);
INSERT INTO `mathonline`.`evaluation` (`id_evaluation`, `id_subtopic`, `question`, `correct_answer`, `wrong_answer_a`, `wrong_answer_b`, `wrong_answer_c`, `points`, `status`) VALUES (92, 2, 'Un aparato de radio cuesta $7,500. Si se da un enganche del 8%, ¿cuál es el pago mensual a 12 meses sin intereses?', '$575', '$675', '$550', '$625', 5, 1);
INSERT INTO `mathonline`.`evaluation` (`id_evaluation`, `id_subtopic`, `question`, `correct_answer`, `wrong_answer_a`, `wrong_answer_b`, `wrong_answer_c`, `points`, `status`) VALUES (93, 3, '¿Cuáles de los siguientes números son números irracionales? <math xmlns=\"http://www.w3.org/1998/Math/MathML\"><mfrac bevelled=\"true\"><mn>1</mn><mrow><mn>2</mn><mo>,</mo><mo>&#xA0;</mo><mi>e</mi><mo>,</mo><mo>&#xA0;</mo><mi mathvariant=\"normal\">&#x3C0;</mi><mo>,</mo><mo>&#xA0;</mo><mn>0</mn><mo>.</mo><mn>6</mn><mo>,</mo><mo>&#xA0;</mo><mn>7</mn></mrow></mfrac></math>', '<math xmlns=\"http://www.w3.org/1998/Math/MathML\"><mi>e</mi><mo>,</mo><mo>&#xA0;</mo><mi mathvariant=\"normal\">&#x3C0;</mi></math>', '<math xmlns=\"http://www.w3.org/1998/Math/MathML\"><mi mathvariant=\"normal\">&#x3C0;</mi><mo>,</mo><mo>&#xA0;</mo><mn>7</mn></math>', '<math xmlns=\"http://www.w3.org/1998/Math/MathML\"><mfrac bevelled=\"true\"><mn>1</mn><mrow><mn>2</mn><mo>,</mo><mo>&#xA0;</mo><mn>7</mn></mrow></mfrac></math>', '<math xmlns=\"http://www.w3.org/1998/Math/MathML\"><mfrac bevelled=\"true\"><mn>1</mn><mrow><mn>2</mn><mo>,</mo><mo>&#xA0;</mo><mi>e</mi></mrow></mfrac></math>', 5, 1);
INSERT INTO `mathonline`.`evaluation` (`id_evaluation`, `id_subtopic`, `question`, `correct_answer`, `wrong_answer_a`, `wrong_answer_b`, `wrong_answer_c`, `points`, `status`) VALUES (94, 3, 'De los puntos de la siguiente gráfica, diga qué valor tiene x. <img src=\"../statics/img/evaluacion/numeros/Img_1_3_1_10_1.bmp\" class=\"img-responsive\">', '0.1', '0.01', '1', '1', 5, 1);
INSERT INTO `mathonline`.`evaluation` (`id_evaluation`, `id_subtopic`, `question`, `correct_answer`, `wrong_answer_a`, `wrong_answer_b`, `wrong_answer_c`, `points`, `status`) VALUES (95, 3, 'En una recta numérica identifica los puntos -8 y 10 y determina cuál es el número que se ubica a la mitad de ambos.', '1', '0', '-1', '9', 5, 1);
INSERT INTO `mathonline`.`evaluation` (`id_evaluation`, `id_subtopic`, `question`, `correct_answer`, `wrong_answer_a`, `wrong_answer_b`, `wrong_answer_c`, `points`, `status`) VALUES (96, 3, 'En la recta numérica la distancia entre los puntos <math xmlns=\"http://www.w3.org/1998/Math/MathML\"><mi mathvariant=\"normal\">a</mi><mo>=</mo><mfenced><mrow><mn>6</mn><mfrac><mn>1</mn><mn>5</mn></mfrac></mrow></mfenced><mo>&#xA0;</mo><mi mathvariant=\"normal\">y</mi><mo>&#xA0;</mo><mi mathvariant=\"normal\">b</mi><mo>=</mo><mfenced><mrow><mo>-</mo><mn>3</mn><mfrac><mn>3</mn><mn>5</mn></mfrac><mo>+</mo><mn>2</mn><mfrac><mn>2</mn><mn>15</mn></mfrac></mrow></mfenced></math> es:', '<math xmlns=\"http://www.w3.org/1998/Math/MathML\"><mfrac><mn>23</mn><mn>3</mn></mfrac></math>', '<math xmlns=\"http://www.w3.org/1998/Math/MathML\"><mfrac><mn>71</mn><mn>15</mn></mfrac></math>', '<math xmlns=\"http://www.w3.org/1998/Math/MathML\"><mfrac><mn>103</mn><mn>15</mn></mfrac></math>', '<math xmlns=\"http://www.w3.org/1998/Math/MathML\"><mfrac><mn>46</mn><mn>3</mn></mfrac></math>', 5, 1);
INSERT INTO `mathonline`.`evaluation` (`id_evaluation`, `id_subtopic`, `question`, `correct_answer`, `wrong_answer_a`, `wrong_answer_b`, `wrong_answer_c`, `points`, `status`) VALUES (97, 3, 'Resuelve el siguiente ejercicio: <math xmlns=\"http://www.w3.org/1998/Math/MathML\"><mfrac><msup><mn>2</mn><mrow><mo>-</mo><mn>2</mn></mrow></msup><msup><mn>4</mn><mrow><mo>-</mo><mn>2</mn></mrow></msup></mfrac><mo>=</mo></math>', '4', '<math xmlns=\"http://www.w3.org/1998/Math/MathML\"><mfrac><mn>1</mn><mn>4</mn></mfrac></math>', '2', '<math xmlns=\"http://www.w3.org/1998/Math/MathML\"><mfrac><mn>1</mn><mn>2</mn></mfrac></math>', 5, 1);
INSERT INTO `mathonline`.`evaluation` (`id_evaluation`, `id_subtopic`, `question`, `correct_answer`, `wrong_answer_a`, `wrong_answer_b`, `wrong_answer_c`, `points`, `status`) VALUES (98, 3, 'Convierte <math xmlns=\"http://www.w3.org/1998/Math/MathML\"><mfrac><mn>1</mn><mn>7</mn></mfrac></math> a una expresión con decimales.', '<math xmlns=\"http://www.w3.org/1998/Math/MathML\"><mn>0</mn><mo>.</mo><mover><mn>142857</mn><mo>&#x21C0;</mo></mover></math>', '<math xmlns=\"http://www.w3.org/1998/Math/MathML\"><mn>0</mn><mo>.</mo><mover><mn>7</mn><mo>&#x21C0;</mo></mover></math>', '0.7', '0.14128', 5, 1);
INSERT INTO `mathonline`.`evaluation` (`id_evaluation`, `id_subtopic`, `question`, `correct_answer`, `wrong_answer_a`, `wrong_answer_b`, `wrong_answer_c`, `points`, `status`) VALUES (99, 3, 'La fracción <math xmlns=\"http://www.w3.org/1998/Math/MathML\"><mfrac><mn>5</mn><mn>7</mn></mfrac></math> expresada en su forma decimal periódica es:', '0.7142857142857142857...', '7,142,857', '7,142', '7,142,857,014', 5, 1);
INSERT INTO `mathonline`.`evaluation` (`id_evaluation`, `id_subtopic`, `question`, `correct_answer`, `wrong_answer_a`, `wrong_answer_b`, `wrong_answer_c`, `points`, `status`) VALUES (100, 3, '¿Cuál de los siguientes números es racional?', '<math xmlns=\"http://www.w3.org/1998/Math/MathML\"><msqrt><mn>4</mn></msqrt><mo>&#xF7;</mo><msup><mn>2</mn><mn>3</mn></msup></math>', '<math xmlns=\"http://www.w3.org/1998/Math/MathML\"><msqrt><mn>2</mn></msqrt></math>', '<math xmlns=\"http://www.w3.org/1998/Math/MathML\"><mi mathvariant=\"normal\">&#x3C0;</mi></math>', '<math xmlns=\"http://www.w3.org/1998/Math/MathML\"><msqrt><mn>8</mn></msqrt><mo>&#xD7;</mo><msqrt><mn>6</mn></msqrt></math>', 5, 1);
INSERT INTO `mathonline`.`evaluation` (`id_evaluation`, `id_subtopic`, `question`, `correct_answer`, `wrong_answer_a`, `wrong_answer_b`, `wrong_answer_c`, `points`, `status`) VALUES (101, 3, 'Según los puntos de la siguiente gráfica, ¿qué valor tiene x? <img src=\"../statics/img/evaluacion/numeros/Img_1_3_1_8_1.bmp\" class=\"img-responsive\">', '3/4', '1/4', '0', '1/2', 5, 1);
INSERT INTO `mathonline`.`evaluation` (`id_evaluation`, `id_subtopic`, `question`, `correct_answer`, `wrong_answer_a`, `wrong_answer_b`, `wrong_answer_c`, `points`, `status`) VALUES (102, 3, 'Según los puntos de la siguiente gráfica, diga qué valor tiene x. <img src=\"../statics/img/evaluacion/numeros/Img_1_3_1_9_1.bmp\" class=\"img-responsive\">', '4/3', '1.5', '1/3', '1.25', 5, 1);
INSERT INTO `mathonline`.`evaluation` (`id_evaluation`, `id_subtopic`, `question`, `correct_answer`, `wrong_answer_a`, `wrong_answer_b`, `wrong_answer_c`, `points`, `status`) VALUES (103, 3, 'A un trabajador le depositan $950 neto por día. Esta cantidad es el resultado de sumarle a su salario bruto un 15% de IVA y restarle un 10% de ISR y un 10% de IVA. ¿Cuál es el salario bruto por día?', '1', '1.15', '950', '1.25', 5, 1);
INSERT INTO `mathonline`.`evaluation` (`id_evaluation`, `id_subtopic`, `question`, `correct_answer`, `wrong_answer_a`, `wrong_answer_b`, `wrong_answer_c`, `points`, `status`) VALUES (104, 3, 'Si ordenamos en una lista los siguientes números de menor a mayor, ¿cuál será esa lista? \\n -1/2, -3/5, -2, -1', '-2, -1, -3/5, -1/2  ', '-2, -3/5, -1, -1/2', '-3/5, -2, -1/2, -1', '-1/2, -3/5, -1, -2', 5, 1);
INSERT INTO `mathonline`.`evaluation` (`id_evaluation`, `id_subtopic`, `question`, `correct_answer`, `wrong_answer_a`, `wrong_answer_b`, `wrong_answer_c`, `points`, `status`) VALUES (105, 3, 'Al descomponer el número 108 en factores primos, el número de divisores que lo componen es:', '5', '12', '7', '8', 5, 1);
INSERT INTO `mathonline`.`evaluation` (`id_evaluation`, `id_subtopic`, `question`, `correct_answer`, `wrong_answer_a`, `wrong_answer_b`, `wrong_answer_c`, `points`, `status`) VALUES (106, 3, 'Realiza la siguiente operación: <math xmlns=\"http://www.w3.org/1998/Math/MathML\"><mfenced open=\"|\" close=\"|\"><mrow><mo>-</mo><mn>5</mn></mrow></mfenced><mo>+</mo><mfenced open=\"|\" close=\"|\"><mn>3</mn></mfenced><mo>=</mo></math>', '8', '2', '-8', '-2', 5, 1);
INSERT INTO `mathonline`.`evaluation` (`id_evaluation`, `id_subtopic`, `question`, `correct_answer`, `wrong_answer_a`, `wrong_answer_b`, `wrong_answer_c`, `points`, `status`) VALUES (107, 3, 'Se repartieron 30 hectáreas de tierra entre 5 familias. A cada familia le tocó una parte proporcional, de acuerdo al número de personas que las conforman. Si las familias tienen 3, 4, 5, 6 y 6 miembros respectivamente, ¿cuántas hectáreas le tocó a cada familia? ', '3.75, 5, 6.25, 7.5, 7.5', '3.75, 6, 5.25, 7.5, 7.5', '7.75, 7, 6.25, 5.5, 5.5', '4.75, 6, 6.25, 6.5, 6.5', 5, 1);
INSERT INTO `mathonline`.`evaluation` (`id_evaluation`, `id_subtopic`, `question`, `correct_answer`, `wrong_answer_a`, `wrong_answer_b`, `wrong_answer_c`, `points`, `status`) VALUES (108, 3, 'Si <img src=\"../statics/img/evaluacion/numeros/Img_1_3_2_6_1.bmp\" class=\"img-responsive\"> representa ¾, ¿cuál gráfica representa ½?', '<img src=\"../statics/img/evaluacion/numeros/Img_1_3_2_6_2.bmp\" class=\"img-responsive\">', '<img src=\"../statics/img/evaluacion/numeros/Img_1_3_2_6_3.bmp\" class=\"img-responsive\">', '<img src=\"../statics/img/evaluacion/numeros/Img_1_3_2_6_4.bmp\" class=\"img-responsive\">', '<img src=\"../statics/img/evaluacion/numeros/Img_1_3_2_6_5.bmp\" class=\"img-responsive\">', 5, 1);
INSERT INTO `mathonline`.`evaluation` (`id_evaluation`, `id_subtopic`, `question`, `correct_answer`, `wrong_answer_a`, `wrong_answer_b`, `wrong_answer_c`, `points`, `status`) VALUES (109, 3, 'Si <img src=\"../statics/img/evaluacion/numeros/Img_1_3_2_7_1.bmp\" class=\"img-responsive\"> representa ¾, ¿cuál gráfica representa 2/3?', '<img src=\"../statics/img/evaluacion/numeros/Img_1_3_2_7_2.bmp\" class=\"img-responsive\">', '<img src=\"../statics/img/evaluacion/numeros/Img_1_3_2_7_3.bmp\" class=\"img-responsive\">', '<img src=\"../statics/img/evaluacion/numeros/Img_1_3_2_7_4.bmp\" class=\"img-responsive\">', '<img src=\"../statics/img/evaluacion/numeros/Img_1_3_2_7_5.bmp\" class=\"img-responsive\">', 5, 1);
INSERT INTO `mathonline`.`evaluation` (`id_evaluation`, `id_subtopic`, `question`, `correct_answer`, `wrong_answer_a`, `wrong_answer_b`, `wrong_answer_c`, `points`, `status`) VALUES (110, 3, 'Calcula la siguiente expresión: <math xmlns=\"http://www.w3.org/1998/Math/MathML\"><mfenced><mrow><mn>2</mn><mo>&#xD7;</mo><msup><mn>10</mn><mn>4</mn></msup></mrow></mfenced><mo>+</mo><mn>2</mn></math>', '20.002', '2.002', '220.002', '22.002', 5, 1);
INSERT INTO `mathonline`.`evaluation` (`id_evaluation`, `id_subtopic`, `question`, `correct_answer`, `wrong_answer_a`, `wrong_answer_b`, `wrong_answer_c`, `points`, `status`) VALUES (111, 3, 'Un tanque de 37 <math xmlns=\"http://www.w3.org/1998/Math/MathML\"><msup><mi>m</mi><mn>3</mn></msup></math>  debe ser llenado manualmente con cubetas de 20 litros ¿Cuántas cubetas se necesitan?', '1.85', '7.4', '3.7', '2.5', 5, 1);
INSERT INTO `mathonline`.`evaluation` (`id_evaluation`, `id_subtopic`, `question`, `correct_answer`, `wrong_answer_a`, `wrong_answer_b`, `wrong_answer_c`, `points`, `status`) VALUES (112, 3, 'Convierte 64 hectáreas a kilómetros cuadrados:', '<math xmlns=\"http://www.w3.org/1998/Math/MathML\"><mn>0</mn><mo>.</mo><mn>64</mn><mo>&#xA0;</mo><mi>k</mi><msup><mi>m</mi><mn>2</mn></msup></math>', '<math xmlns=\"http://www.w3.org/1998/Math/MathML\"><mn>0</mn><mo>.</mo><mn>0064</mn><mo>&#xA0;</mo><mi>k</mi><msup><mi>m</mi><mn>2</mn></msup></math>', '<math xmlns=\"http://www.w3.org/1998/Math/MathML\"><mn>6</mn><mo>.</mo><mn>4</mn><mo>&#xA0;</mo><mi>k</mi><msup><mi>m</mi><mn>2</mn></msup></math>', '<math xmlns=\"http://www.w3.org/1998/Math/MathML\"><mn>0</mn><mo>.</mo><mn>064</mn><mo>&#xA0;</mo><mi>k</mi><msup><mi>m</mi><mn>2</mn></msup></math>', 5, 1);
INSERT INTO `mathonline`.`evaluation` (`id_evaluation`, `id_subtopic`, `question`, `correct_answer`, `wrong_answer_a`, `wrong_answer_b`, `wrong_answer_c`, `points`, `status`) VALUES (113, 3, 'Calcula la siguiente operación:  <math xmlns=\"http://www.w3.org/1998/Math/MathML\"><mfrac><mn>7</mn><mrow><mn>0</mn><mo>.</mo><mn>1</mn></mrow></mfrac></math>', '70', '7', '0.07', '1/7', 5, 1);
INSERT INTO `mathonline`.`evaluation` (`id_evaluation`, `id_subtopic`, `question`, `correct_answer`, `wrong_answer_a`, `wrong_answer_b`, `wrong_answer_c`, `points`, `status`) VALUES (114, 3, 'Si la densidad de un gas es <math xmlns=\"http://www.w3.org/1998/Math/MathML\"><mn>1</mn><mo>&#xD7;</mo><msup><mn>10</mn><mrow><mo>-</mo><mn>6</mn></mrow></msup><mo>&#xA0;</mo><mi>g</mi><mo>/</mo><mi>l</mi><mi>i</mi><mi>t</mi><mi>r</mi><mi>o</mi><mo>,</mo></math> ¿qué volumen ocuparán 30g de dicho gas?', '<math xmlns=\"http://www.w3.org/1998/Math/MathML\"><mn>3</mn><mo>&#xD7;</mo><msup><mn>10</mn><mn>7</mn></msup><mo>&#xA0;</mo><mi>l</mi><mi>i</mi><mi>t</mi><mi>r</mi><mi>o</mi><mi>s</mi></math>', '<math xmlns=\"http://www.w3.org/1998/Math/MathML\"><mn>30</mn><mo>&#xD7;</mo><msup><mn>10</mn><mn>4</mn></msup><mo>&#xA0;</mo><mi>l</mi><mi>i</mi><mi>t</mi><mi>r</mi><mi>o</mi><mi>s</mi></math>', '<math xmlns=\"http://www.w3.org/1998/Math/MathML\"><mn>30</mn><mo>&#xD7;</mo><msup><mn>10</mn><mrow><mo>-</mo><mn>7</mn></mrow></msup><mo>&#xA0;</mo><mi>l</mi><mi>i</mi><mi>t</mi><mi>r</mi><mi>o</mi><mi>s</mi></math>', '&5&<math xmlns=\"http://www.w3.org/1998/Math/MathML\"><mn>30</mn><mo>&#xD7;</mo><msup><mn>10</mn><mrow><mo>-</mo><mn>6</mn></mrow></msup><mo>&#xA0;</mo><mi>l</mi><mi>i</mi><mi>t</mi><mi>r</mi><mi>o</mi><mi>s</mi></math>', 5, 1);
INSERT INTO `mathonline`.`evaluation` (`id_evaluation`, `id_subtopic`, `question`, `correct_answer`, `wrong_answer_a`, `wrong_answer_b`, `wrong_answer_c`, `points`, `status`) VALUES (115, 3, 'Un ser humano sano tiene entre <math xmlns=\"http://www.w3.org/1998/Math/MathML\"><mfenced><mrow><mn>4</mn><mo>.</mo><mn>3</mn><mo>&#xA0;</mo><mi>y</mi><mo>&#xA0;</mo><mn>10</mn><mo>.</mo><mn>8</mn></mrow></mfenced><mo>&#xD7;</mo><msup><mn>10</mn><mn>9</mn></msup></math> glóbulos blancos por litro de sangre y entre 5 y 6 litros de sangre en el cuerpo. ¿De qué orden es el número de glóbulos blancos en un cuerpo sano?', '<math xmlns=\"http://www.w3.org/1998/Math/MathML\"><mn>3</mn><mo>.</mo><mn>8</mn><mo>&#xD7;</mo><msup><mn>10</mn><mn>10</mn></msup></math>', '<math xmlns=\"http://www.w3.org/1998/Math/MathML\"><mn>380</mn><mo>&#xD7;</mo><msup><mn>10</mn><mn>12</mn></msup></math>', '<math xmlns=\"http://www.w3.org/1998/Math/MathML\"><mn>38</mn><mo>&#xD7;</mo><msup><mn>10</mn><mn>6</mn></msup></math>', '<math xmlns=\"http://www.w3.org/1998/Math/MathML\"><mn>38</mn><mo>&#xD7;</mo><msup><mn>10</mn><mn>8</mn></msup></math>', 5, 1);
INSERT INTO `mathonline`.`evaluation` (`id_evaluation`, `id_subtopic`, `question`, `correct_answer`, `wrong_answer_a`, `wrong_answer_b`, `wrong_answer_c`, `points`, `status`) VALUES (116, 3, 'Resuelve la siguiente expresión: <math xmlns=\"http://www.w3.org/1998/Math/MathML\"><mn>2</mn><mo>&#xD7;</mo><msup><mn>10</mn><mrow><mo>-</mo><mn>1</mn></mrow></msup></math>', '<math xmlns=\"http://www.w3.org/1998/Math/MathML\"><mfrac><mn>1</mn><mn>5</mn></mfrac></math>', '20', '2', '5', 5, 1);
INSERT INTO `mathonline`.`evaluation` (`id_evaluation`, `id_subtopic`, `question`, `correct_answer`, `wrong_answer_a`, `wrong_answer_b`, `wrong_answer_c`, `points`, `status`) VALUES (117, 3, 'La densidad del Oxígeno es de <math xmlns=\"http://www.w3.org/1998/Math/MathML\"><mn>1</mn><mo>,</mo><mn>429</mn><mo>&#xA0;</mo><mi>k</mi><mi>g</mi><mo>/</mo><msup><mi>m</mi><mn>3</mn></msup></math> ¿Cuántos litros de Oxígeno se requieren para tener una tonelada y media?', '<math xmlns=\"http://www.w3.org/1998/Math/MathML\"><mn>1</mn><mo>.</mo><mn>05</mn><mo>&#xD7;</mo><msup><mn>10</mn><mn>6</mn></msup></math>', '<math xmlns=\"http://www.w3.org/1998/Math/MathML\"><mn>1</mn><mo>.</mo><mn>05</mn><mo>&#xD7;</mo><msup><mn>10</mn><mn>9</mn></msup></math>', '<math xmlns=\"http://www.w3.org/1998/Math/MathML\"><mn>2</mn><mo>.</mo><mn>14</mn><mo>&#xD7;</mo><msup><mn>10</mn><mn>6</mn></msup></math>', '<math xmlns=\"http://www.w3.org/1998/Math/MathML\"><mn>9</mn><mo>.</mo><mn>5</mn><mo>&#xD7;</mo><msup><mn>10</mn><mn>3</mn></msup></math>', 5, 1);
INSERT INTO `mathonline`.`evaluation` (`id_evaluation`, `id_subtopic`, `question`, `correct_answer`, `wrong_answer_a`, `wrong_answer_b`, `wrong_answer_c`, `points`, `status`) VALUES (118, 3, 'Estima la siguiente suma, redondeando primero cada sumando: \\n4.8 + 5.2 + 3.1+ 6.6', '20', '19.7', '18', '22', 5, 1);
INSERT INTO `mathonline`.`evaluation` (`id_evaluation`, `id_subtopic`, `question`, `correct_answer`, `wrong_answer_a`, `wrong_answer_b`, `wrong_answer_c`, `points`, `status`) VALUES (119, 3, 'La décima parte de la décima parte de 5 es:', '0.05', '0.02', '0.5', '0.2', 5, 1);
INSERT INTO `mathonline`.`evaluation` (`id_evaluation`, `id_subtopic`, `question`, `correct_answer`, `wrong_answer_a`, `wrong_answer_b`, `wrong_answer_c`, `points`, `status`) VALUES (120, 3, 'La distancia media de la Tierra al Sol es de <math xmlns=\"http://www.w3.org/1998/Math/MathML\"><mn>1</mn><mo>.</mo><mn>496</mn><mo>&#xD7;</mo><msup><mn>10</mn><mn>8</mn></msup><mo>&#xA0;</mo><mi>k</mi><mi>m</mi></math> Si la torre Eiffel mide 325 m, ¿a cuántas torres Eiffel equivale esa distancia?', '<math xmlns=\"http://www.w3.org/1998/Math/MathML\"><mn>4</mn><mo>.</mo><mn>60</mn><mo>&#xD7;</mo><msup><mn>10</mn><mn>8</mn></msup><mo>&#xA0;</mo><mi>t</mi><mi>o</mi><mi>r</mi><mi>r</mi><mi>e</mi><mi>s</mi></math>', '<math xmlns=\"http://www.w3.org/1998/Math/MathML\"><mn>4</mn><mo>.</mo><mn>60</mn><mo>&#xD7;</mo><msup><mn>10</mn><mn>9</mn></msup><mo>&#xA0;</mo><mi>t</mi><mi>o</mi><mi>r</mi><mi>r</mi><mi>e</mi><mi>s</mi></math>', '<math xmlns=\"http://www.w3.org/1998/Math/MathML\"><mn>4</mn><mo>.</mo><mn>60</mn><mo>&#xD7;</mo><msup><mn>10</mn><mn>12</mn></msup><mo>&#xA0;</mo><mi>t</mi><mi>o</mi><mi>r</mi><mi>r</mi><mi>e</mi><mi>s</mi></math>', '<math xmlns=\"http://www.w3.org/1998/Math/MathML\"><mn>4</mn><mo>.</mo><mn>60</mn><mo>&#xD7;</mo><msup><mn>10</mn><mn>11</mn></msup><mo>&#xA0;</mo><mi>t</mi><mi>o</mi><mi>r</mi><mi>r</mi><mi>e</mi><mi>s</mi></math>', 5, 1);
INSERT INTO `mathonline`.`evaluation` (`id_evaluation`, `id_subtopic`, `question`, `correct_answer`, `wrong_answer_a`, `wrong_answer_b`, `wrong_answer_c`, `points`, `status`) VALUES (121, 3, 'En el universo hay del orden de decenas de miles de millones de galaxias. De los siguientes números, ¿cuál es una aproximación al número de galaxias en el universo?', '<math xmlns=\"http://www.w3.org/1998/Math/MathML\"><mn>1</mn><mo>.</mo><mn>2</mn><mo>&#xD7;</mo><msup><mn>10</mn><mn>11</mn></msup></math>', '<math xmlns=\"http://www.w3.org/1998/Math/MathML\"><mn>4</mn><mo>.</mo><mn>7</mn><mo>&#xD7;</mo><msup><mn>10</mn><mn>17</mn></msup></math>', '<math xmlns=\"http://www.w3.org/1998/Math/MathML\"><mn>8</mn><mo>.</mo><mn>3</mn><mo>&#xD7;</mo><msup><mn>10</mn><mn>14</mn></msup></math>', '<math xmlns=\"http://www.w3.org/1998/Math/MathML\"><mn>5</mn><mo>.</mo><mn>7</mn><mo>&#xD7;</mo><msup><mn>10</mn><mn>8</mn></msup></math>', 5, 1);
INSERT INTO `mathonline`.`evaluation` (`id_evaluation`, `id_subtopic`, `question`, `correct_answer`, `wrong_answer_a`, `wrong_answer_b`, `wrong_answer_c`, `points`, `status`) VALUES (122, 3, 'El aire se compone de 5 partes de nitrógeno y 1 parte de oxigeno. ¿Cuántos mililitros de oxigeno hay en un cuarto de tamaño 36 x 9 x 3 m?', '<math xmlns=\"http://www.w3.org/1998/Math/MathML\"><mn>1</mn><mo>.</mo><mn>62</mn><mo>&#xD7;</mo><msup><mn>10</mn><mn>8</mn></msup></math>', '<math xmlns=\"http://www.w3.org/1998/Math/MathML\"><mn>9</mn><mo>.</mo><mn>72</mn><mo>&#xD7;</mo><msup><mn>10</mn><mn>5</mn></msup></math>', '<math xmlns=\"http://www.w3.org/1998/Math/MathML\"><mn>1</mn><mo>.</mo><mn>62</mn><mo>&#xD7;</mo><msup><mn>10</mn><mn>9</mn></msup></math>', '<math xmlns=\"http://www.w3.org/1998/Math/MathML\"><mn>9</mn><mo>.</mo><mn>72</mn><mo>&#xD7;</mo><msup><mn>10</mn><mn>6</mn></msup></math>', 5, 1);
INSERT INTO `mathonline`.`evaluation` (`id_evaluation`, `id_subtopic`, `question`, `correct_answer`, `wrong_answer_a`, `wrong_answer_b`, `wrong_answer_c`, `points`, `status`) VALUES (123, 3, 'Calcula la siguiente operación: <math xmlns=\"http://www.w3.org/1998/Math/MathML\"><mfenced><mrow><mn>1</mn><mo>,</mo><mn>000</mn><mo>,</mo><mn>000</mn></mrow></mfenced><mo>&#xD7;</mo><mn>1</mn><mo>&#xD7;</mo><msup><mn>10</mn><mn>5</mn></msup></math>', '<math xmlns=\"http://www.w3.org/1998/Math/MathML\"><mn>1</mn><mo>&#xD7;</mo><msup><mn>10</mn><mn>11</mn></msup></math>', '<math xmlns=\"http://www.w3.org/1998/Math/MathML\"><mn>1</mn><mo>&#xD7;</mo><msup><mn>10</mn><mn>1</mn></msup></math>', '<math xmlns=\"http://www.w3.org/1998/Math/MathML\"><mn>1</mn><mo>&#xD7;</mo><msup><mn>10</mn><mn>5</mn></msup></math>', '<math xmlns=\"http://www.w3.org/1998/Math/MathML\"><mn>1</mn><mo>&#xD7;</mo><msup><mn>10</mn><mn>10</mn></msup></math>', 5, 1);
INSERT INTO `mathonline`.`evaluation` (`id_evaluation`, `id_subtopic`, `question`, `correct_answer`, `wrong_answer_a`, `wrong_answer_b`, `wrong_answer_c`, `points`, `status`) VALUES (124, 4, 'La constructora de casas Patito, vendió 30 casas a $350,000 cada una. Tuvo que repartir la comisión de venta del 3% sobre el total de la venta, entre 5 vendedores. ¿Cuánto le tocó a cada vendedor? ', '$63.00', '$35.00', '$80.00', '$75.00', 5, 1);
INSERT INTO `mathonline`.`evaluation` (`id_evaluation`, `id_subtopic`, `question`, `correct_answer`, `wrong_answer_a`, `wrong_answer_b`, `wrong_answer_c`, `points`, `status`) VALUES (125, 4, 'Expresa la siguiente fracción aplicando la relación inversa: <math xmlns=\"http://www.w3.org/1998/Math/MathML\"><mfenced><mfrac><mn>3</mn><mn>36</mn></mfrac></mfenced><mfenced><mfrac><mn>15</mn><mn>5</mn></mfrac></mfenced></math>', '<math xmlns=\"http://www.w3.org/1998/Math/MathML\"><mfrac><mstyle displaystyle=\"true\"><mfrac bevelled=\"true\"><mn>3</mn><mn>36</mn></mfrac></mstyle><mstyle displaystyle=\"true\"><mfrac bevelled=\"true\"><mn>15</mn><mn>5</mn></mfrac></mstyle></mfrac></math>', '<math xmlns=\"http://www.w3.org/1998/Math/MathML\"><mfrac><mstyle displaystyle=\"true\"><mfrac bevelled=\"true\"><mn>3</mn><mn>36</mn></mfrac></mstyle><mstyle displaystyle=\"true\"><mfrac bevelled=\"true\"><mn>5</mn><mn>15</mn></mfrac></mstyle></mfrac></math>', '<math xmlns=\"http://www.w3.org/1998/Math/MathML\"><mfrac><mstyle displaystyle=\"true\"><mfrac bevelled=\"true\"><mn>15</mn><mn>5</mn></mfrac></mstyle><mstyle displaystyle=\"true\"><mfrac bevelled=\"true\"><mn>36</mn><mn>3</mn></mfrac></mstyle></mfrac></math>', '<math xmlns=\"http://www.w3.org/1998/Math/MathML\"><mfrac><mstyle displaystyle=\"true\"><mfrac bevelled=\"true\"><mn>15</mn><mn>5</mn></mfrac></mstyle><mstyle displaystyle=\"true\"><mfrac bevelled=\"true\"><mn>3</mn><mn>36</mn></mfrac></mstyle></mfrac></math>', 5, 1);
INSERT INTO `mathonline`.`evaluation` (`id_evaluation`, `id_subtopic`, `question`, `correct_answer`, `wrong_answer_a`, `wrong_answer_b`, `wrong_answer_c`, `points`, `status`) VALUES (126, 4, 'Juan se está preparando para correr el maratón, que será una carrera de 42 kms. Su entrenamiento consiste en correr 8 kms. los lunes, miércoles y viernes. Los jueves y sábados corre 15 kms. Descansa los martes y domingos. ¿El equivalente de cuántos maratones habrá corrido Juan al cabo de 4 semanas de entrenamiento?  ', '5', '4', '6', '3', 5, 1);
INSERT INTO `mathonline`.`evaluation` (`id_evaluation`, `id_subtopic`, `question`, `correct_answer`, `wrong_answer_a`, `wrong_answer_b`, `wrong_answer_c`, `points`, `status`) VALUES (127, 4, 'Calcula el valor de <math xmlns=\"http://www.w3.org/1998/Math/MathML\"><mn>8</mn><mo>+</mo><mn>6</mn><mo>&#xD7;</mo><mn>15</mn><mo>-</mo><mfrac><mn>39</mn><mn>5</mn></mfrac></math> Cuida el orden de precedencia.', '85', '110', '120', '90', 5, 1);
INSERT INTO `mathonline`.`evaluation` (`id_evaluation`, `id_subtopic`, `question`, `correct_answer`, `wrong_answer_a`, `wrong_answer_b`, `wrong_answer_c`, `points`, `status`) VALUES (128, 4, 'Ordena en una lista los siguientes valores, de menor a mayor: <math xmlns=\"http://www.w3.org/1998/Math/MathML\"><mi>a</mi><mo>=</mo><mfrac><mn>3</mn><mrow><mn>5</mn><mo>+</mo><mstyle displaystyle=\"true\"><mfrac><mn>1</mn><mn>2</mn></mfrac></mstyle></mrow></mfrac><mo>&#xA0;</mo><mo>&#xA0;</mo><mo>&#xA0;</mo><mo>&#xA0;</mo><mo>&#xA0;</mo><mi>b</mi><mo>=</mo><mfrac><mrow><mn>5</mn><mo>+</mo><mstyle displaystyle=\"true\"><mfrac><mn>1</mn><mn>2</mn></mfrac></mstyle></mrow><mn>3</mn></mfrac><mo>&#xA0;</mo><mo>&#xA0;</mo><mo>&#xA0;</mo><mi>c</mi><mo>=</mo><mfrac><mn>4</mn><mrow><mfenced><mrow><mn>3</mn><mo>+</mo><mn>2</mn></mrow></mfenced><mo>&#xD7;</mo><mn>5</mn></mrow></mfrac><mo>&#xA0;</mo><mo>&#xA0;</mo><mo>&#xA0;</mo><mo>&#xA0;</mo><mo>&#xA0;</mo><mi>d</mi><mo>=</mo><mfrac><mrow><mfenced><mrow><mn>3</mn><mo>+</mo><mn>2</mn></mrow></mfenced><mo>&#xD7;</mo><mn>5</mn></mrow><mn>4</mn></mfrac></math>', 'c, a, b, d', 'a, b, c, d', 'c, d, a, b', 'b, a, c, d', 5, 1);
INSERT INTO `mathonline`.`evaluation` (`id_evaluation`, `id_subtopic`, `question`, `correct_answer`, `wrong_answer_a`, `wrong_answer_b`, `wrong_answer_c`, `points`, `status`) VALUES (129, 4, '¿Cuánto mide el lado de un cubo, si su volumen es de 128 unidades?', '<math xmlns=\"http://www.w3.org/1998/Math/MathML\"><mn>4</mn><mroot><mn>2</mn><mn>3</mn></mroot></math>', '<math xmlns=\"http://www.w3.org/1998/Math/MathML\"><mn>2</mn><msqrt><mn>5</mn></msqrt></math>', '12', '<math xmlns=\"http://www.w3.org/1998/Math/MathML\"><mn>8</mn><mroot><mn>6</mn><mn>3</mn></mroot></math>', 5, 1);
INSERT INTO `mathonline`.`evaluation` (`id_evaluation`, `id_subtopic`, `question`, `correct_answer`, `wrong_answer_a`, `wrong_answer_b`, `wrong_answer_c`, `points`, `status`) VALUES (130, 4, 'Resuelve el ejercicio:  <math xmlns=\"http://www.w3.org/1998/Math/MathML\"><mfrac><mn>20</mn><mrow><mfenced><mn>4</mn></mfenced><mstyle displaystyle=\"true\"><mfrac><mn>1</mn><mn>16</mn></mfrac></mstyle></mrow></mfrac><mo>+</mo><mfrac><mn>1</mn><mn>4</mn></mfrac></math>', '<math xmlns=\"http://www.w3.org/1998/Math/MathML\"><mn>80</mn><mo>+</mo><mfrac><mn>1</mn><mn>4</mn></mfrac></math>', '<math xmlns=\"http://www.w3.org/1998/Math/MathML\"><mfrac><mn>21</mn><mn>16</mn></mfrac></math>', '<math xmlns=\"http://www.w3.org/1998/Math/MathML\"><mfrac><mn>20</mn><mn>16</mn></mfrac><mo>+</mo><mn>1</mn></math>', '<math xmlns=\"http://www.w3.org/1998/Math/MathML\"><mfrac><mn>21</mn><mn>80</mn></mfrac></math>', 5, 1);
INSERT INTO `mathonline`.`evaluation` (`id_evaluation`, `id_subtopic`, `question`, `correct_answer`, `wrong_answer_a`, `wrong_answer_b`, `wrong_answer_c`, `points`, `status`) VALUES (131, 4, 'Resuelve el siguiente ejercicio: <math xmlns=\"http://www.w3.org/1998/Math/MathML\"><mfenced><mrow><mo>-</mo><mfrac><mn>2</mn><mn>8</mn></mfrac><mo>-</mo><mfenced><mrow><mo>-</mo><mfrac><mn>3</mn><mn>9</mn></mfrac></mrow></mfenced><mn>2</mn></mrow></mfenced><mo>-</mo><mn>1</mn></math>', '<math xmlns=\"http://www.w3.org/1998/Math/MathML\"><mo>-</mo><mfrac><mn>7</mn><mn>12</mn></mfrac></math>', '<math xmlns=\"http://www.w3.org/1998/Math/MathML\"><mo>-</mo><mfrac><mn>23</mn><mn>12</mn></mfrac></math>', '<math xmlns=\"http://www.w3.org/1998/Math/MathML\"><mfrac><mn>1</mn><mn>6</mn></mfrac></math>', '<math xmlns=\"http://www.w3.org/1998/Math/MathML\"><mo>-</mo><mfrac><mn>1</mn><mn>6</mn></mfrac></math>', 5, 1);
INSERT INTO `mathonline`.`evaluation` (`id_evaluation`, `id_subtopic`, `question`, `correct_answer`, `wrong_answer_a`, `wrong_answer_b`, `wrong_answer_c`, `points`, `status`) VALUES (132, 4, 'Luís tiene un salario base de $9,500 pesos, más 25% de prestaciones por su categoría, menos retenciones de ISR del 12% sobre la base de su salario. ¿Cuánto recibe neto?', '$10.74', '$9.75', '$10.00', '$10.68', 5, 1);
INSERT INTO `mathonline`.`evaluation` (`id_evaluation`, `id_subtopic`, `question`, `correct_answer`, `wrong_answer_a`, `wrong_answer_b`, `wrong_answer_c`, `points`, `status`) VALUES (133, 4, 'Aplicando la ley distributiva, ¿cuál es una forma de expresar -3(5-2)?', '-15+6', '6+15', '-9', '-1+3', 5, 1);
INSERT INTO `mathonline`.`evaluation` (`id_evaluation`, `id_subtopic`, `question`, `correct_answer`, `wrong_answer_a`, `wrong_answer_b`, `wrong_answer_c`, `points`, `status`) VALUES (134, 4, 'La suma de dos números enteros es 7 y la de sus cuadrados es 25. ¿Cuál es el valor del menor de ellos?', '3', '2', '5', '7', 5, 1);
INSERT INTO `mathonline`.`evaluation` (`id_evaluation`, `id_subtopic`, `question`, `correct_answer`, `wrong_answer_a`, `wrong_answer_b`, `wrong_answer_c`, `points`, `status`) VALUES (135, 4, 'El resultado de la operación <math xmlns=\"http://www.w3.org/1998/Math/MathML\"><mfenced><mrow><mn>2</mn><msqrt><mn>12</mn></msqrt></mrow></mfenced><mfenced><mrow><mn>6</mn><msqrt><mn>5</mn></msqrt></mrow></mfenced></math> es:', '<math xmlns=\"http://www.w3.org/1998/Math/MathML\"><mn>24</mn><msqrt><mn>15</mn></msqrt></math>', '<math xmlns=\"http://www.w3.org/1998/Math/MathML\"><mn>12</mn><msqrt><mn>12</mn></msqrt></math>', '<math xmlns=\"http://www.w3.org/1998/Math/MathML\"><mn>32</mn><msqrt><mn>6</mn></msqrt></math>', '<math xmlns=\"http://www.w3.org/1998/Math/MathML\"><mn>12</mn><msqrt><mn>10</mn></msqrt></math>', 5, 1);
INSERT INTO `mathonline`.`evaluation` (`id_evaluation`, `id_subtopic`, `question`, `correct_answer`, `wrong_answer_a`, `wrong_answer_b`, `wrong_answer_c`, `points`, `status`) VALUES (136, 4, 'Una expresión equivalente a <math xmlns=\"http://www.w3.org/1998/Math/MathML\"><mroot><mn>48</mn><mn>4</mn></mroot></math> es:', '<math xmlns=\"http://www.w3.org/1998/Math/MathML\"><mn>2</mn><mroot><mn>3</mn><mn>4</mn></mroot></math>', '<math xmlns=\"http://www.w3.org/1998/Math/MathML\"><mn>24</mn><mroot><mn>2</mn><mn>4</mn></mroot></math>', '<math xmlns=\"http://www.w3.org/1998/Math/MathML\"><mn>6</mn><mroot><mn>8</mn><mn>4</mn></mroot></math>', '<math xmlns=\"http://www.w3.org/1998/Math/MathML\"><mn>8</mn><mroot><mn>6</mn><mn>4</mn></mroot></math>', 5, 1);
INSERT INTO `mathonline`.`evaluation` (`id_evaluation`, `id_subtopic`, `question`, `correct_answer`, `wrong_answer_a`, `wrong_answer_b`, `wrong_answer_c`, `points`, `status`) VALUES (137, 4, 'Al simplificar <math xmlns=\"http://www.w3.org/1998/Math/MathML\"><mfrac><mn>1</mn><mn>8</mn></mfrac><msqrt><mn>128</mn></msqrt></math> se obtiene:', '<math xmlns=\"http://www.w3.org/1998/Math/MathML\"><msqrt><mn>2</mn></msqrt></math>', '<math xmlns=\"http://www.w3.org/1998/Math/MathML\"><mn>8</mn><msqrt><mn>12</mn></msqrt></math>', '<math xmlns=\"http://www.w3.org/1998/Math/MathML\"><mn>4</mn><msqrt><mn>2</mn></msqrt></math>', '<math xmlns=\"http://www.w3.org/1998/Math/MathML\"><mn>4</mn><msqrt><mn>12</mn></msqrt></math>', 5, 1);
INSERT INTO `mathonline`.`evaluation` (`id_evaluation`, `id_subtopic`, `question`, `correct_answer`, `wrong_answer_a`, `wrong_answer_b`, `wrong_answer_c`, `points`, `status`) VALUES (138, 4, 'Si la raíz cúbica de 4,913 es 17, ¿cuánto es <math xmlns=\"http://www.w3.org/1998/Math/MathML\"><msup><mn>170</mn><mn>3</mn></msup><mo>?</mo></math>', '<math xmlns=\"http://www.w3.org/1998/Math/MathML\"><mn>4</mn><mo>.</mo><mn>913</mn><mo>&#xD7;</mo><msup><mn>10</mn><mn>6</mn></msup></math>', '<math xmlns=\"http://www.w3.org/1998/Math/MathML\"><mn>4</mn><mo>.</mo><mn>913</mn><mo>&#xD7;</mo><msup><mn>10</mn><mn>5</mn></msup></math>', '<math xmlns=\"http://www.w3.org/1998/Math/MathML\"><mn>4</mn><mo>.</mo><mn>913</mn><mo>&#xD7;</mo><msup><mn>10</mn><mn>4</mn></msup></math>', '<math xmlns=\"http://www.w3.org/1998/Math/MathML\"><mn>4</mn><mo>.</mo><mn>913</mn><mo>&#xD7;</mo><msup><mn>10</mn><mn>3</mn></msup></math>', 5, 1);
INSERT INTO `mathonline`.`evaluation` (`id_evaluation`, `id_subtopic`, `question`, `correct_answer`, `wrong_answer_a`, `wrong_answer_b`, `wrong_answer_c`, `points`, `status`) VALUES (139, 4, 'De los siguientes números, cuál es el que está más cerca de 4.2:', '<math xmlns=\"http://www.w3.org/1998/Math/MathML\"><mroot><mn>63</mn><mn>3</mn></mroot></math>', '<math xmlns=\"http://www.w3.org/1998/Math/MathML\"><mroot><mn>126</mn><mn>3</mn></mroot></math>', '<math xmlns=\"http://www.w3.org/1998/Math/MathML\"><mroot><mn>9</mn><mn>3</mn></mroot></math>', '<math xmlns=\"http://www.w3.org/1998/Math/MathML\"><mroot><mn>28</mn><mn>3</mn></mroot></math>', 5, 1);
INSERT INTO `mathonline`.`evaluation` (`id_evaluation`, `id_subtopic`, `question`, `correct_answer`, `wrong_answer_a`, `wrong_answer_b`, `wrong_answer_c`, `points`, `status`) VALUES (140, 4, 'Efectúa la siguiente operación: <math xmlns=\"http://www.w3.org/1998/Math/MathML\"><mfenced><mroot><mn>25</mn><mn>3</mn></mroot></mfenced><mo>&#xD7;</mo><mfenced><mroot><mn>5</mn><mn>3</mn></mroot></mfenced></math>', '5', '125', '25', '<math xmlns=\"http://www.w3.org/1998/Math/MathML\"><mfenced><mroot><mn>25</mn><mn>3</mn></mroot></mfenced></math>', 5, 1);
INSERT INTO `mathonline`.`evaluation` (`id_evaluation`, `id_subtopic`, `question`, `correct_answer`, `wrong_answer_a`, `wrong_answer_b`, `wrong_answer_c`, `points`, `status`) VALUES (141, 4, 'Utilizando la propiedad: \\n Si x y y son números reales tales que a > 0 y abs(x)> a, entonces x > a o x < -a; \\n la desigualdad abs(x-5) > 2 es equivalente a:', 'x5 > 2  o  x5 < -2', 'x+5 > 2  o  x5 < 2', 'x+2 > 5  o x2 < 5', 'x2 > 5  o x2 < 5', 5, 1);
INSERT INTO `mathonline`.`evaluation` (`id_evaluation`, `id_subtopic`, `question`, `correct_answer`, `wrong_answer_a`, `wrong_answer_b`, `wrong_answer_c`, `points`, `status`) VALUES (142, 4, 'Utilizando la propiedad: \\n Si a, b y c son números reales con a < b, entonces a + c <  b + c; \\n podemos decir que x + 3 < 8 es equivalente a: ', 'x < 5', 'x >11', 'x > 5', 'x < 11', 5, 1);
INSERT INTO `mathonline`.`evaluation` (`id_evaluation`, `id_subtopic`, `question`, `correct_answer`, `wrong_answer_a`, `wrong_answer_b`, `wrong_answer_c`, `points`, `status`) VALUES (143, 4, 'Si multiplicamos el número -8 por un valor mayor a 1, el resultado es un número:', 'menor que -8', 'mayor que 8', 'mayor que -8', 'entre -8 y 8', 5, 1);
INSERT INTO `mathonline`.`evaluation` (`id_evaluation`, `id_subtopic`, `question`, `correct_answer`, `wrong_answer_a`, `wrong_answer_b`, `wrong_answer_c`, `points`, `status`) VALUES (144, 4, 'Si multiplicamos el número 7 por un valor menor a 0.5, el resultado es un número:', 'menor que 3.5', 'mayor que 7', 'menor que -7', 'mayor que 3.5', 5, 1);
INSERT INTO `mathonline`.`evaluation` (`id_evaluation`, `id_subtopic`, `question`, `correct_answer`, `wrong_answer_a`, `wrong_answer_b`, `wrong_answer_c`, `points`, `status`) VALUES (145, 4, 'Si dividimos el número 4 entre un valor mayor a 1/2, ¿cuál de las siguientes frases describe mejor el resultado?', 'Un número menor que 8', 'Un número menor que 4', 'Un número mayor que 4', 'Un número mayor que 8', 5, 1);
INSERT INTO `mathonline`.`evaluation` (`id_evaluation`, `id_subtopic`, `question`, `correct_answer`, `wrong_answer_a`, `wrong_answer_b`, `wrong_answer_c`, `points`, `status`) VALUES (146, 4, '¿Cuál es el resultado de las siguientes dos operaciones? \\n (3 x 0)        y            (3 / 0)', '0 e indefinido', '3 y 0', 'Indefinido y 3', 'Indefinido e indefinido', 5, 1);
INSERT INTO `mathonline`.`evaluation` (`id_evaluation`, `id_subtopic`, `question`, `correct_answer`, `wrong_answer_a`, `wrong_answer_b`, `wrong_answer_c`, `points`, `status`) VALUES (147, 4, 'De los números <math xmlns=\"http://www.w3.org/1998/Math/MathML\"><mfenced open=\"{\" close=\"}\"><mrow><mn>3</mn><mo>,</mo><mo>&#xA0;</mo><mo>-</mo><mn>2</mn><mo>,</mo><mo>&#xA0;</mo><mn>0</mn><mo>,</mo><mo>&#xA0;</mo><mfrac><mn>1</mn><mn>3</mn></mfrac><mo>,</mo><mo>&#xA0;</mo><mfenced><mrow><mn>1</mn><mo>-</mo><msqrt><mo>-</mo><mn>2</mn></msqrt></mrow></mfenced><mo>,</mo><mo>&#xA0;</mo><msup><mn>6</mn><mn>2</mn></msup></mrow></mfenced></math> ¿Cuáles tienen recíprocos?', '<math xmlns=\"http://www.w3.org/1998/Math/MathML\"><mfenced open=\"{\" close=\"}\"><mrow><mn>3</mn><mo>,</mo><mo>&#xA0;</mo><mo>-</mo><mn>2</mn><mo>,</mo><mo>&#xA0;</mo><mfrac><mn>1</mn><mn>3</mn></mfrac><mo>,</mo><mo>&#xA0;</mo><mfenced><mrow><mn>1</mn><mo>-</mo><msqrt><mo>-</mo><mn>2</mn></msqrt></mrow></mfenced><mo>,</mo><mo>&#xA0;</mo><msup><mn>6</mn><mn>2</mn></msup></mrow></mfenced></math>', '<math xmlns=\"http://www.w3.org/1998/Math/MathML\"><mfenced open=\"{\" close=\"}\"><mrow><mn>0</mn><mo>,</mo><mo>&#xA0;</mo><mo>&#xA0;</mo><mfrac><mn>1</mn><mn>3</mn></mfrac><mo>,</mo><mo>&#xA0;</mo><mfenced><mrow><mn>1</mn><mo>-</mo><msqrt><mo>-</mo><mn>2</mn></msqrt></mrow></mfenced><mo>,</mo><mo>&#xA0;</mo><msup><mn>6</mn><mn>2</mn></msup></mrow></mfenced></math>', '<math xmlns=\"http://www.w3.org/1998/Math/MathML\"><mfenced open=\"{\" close=\"}\"><mrow><mn>3</mn><mo>,</mo><mo>&#xA0;</mo><mo>-</mo><mn>2</mn><mo>,</mo><mo>&#xA0;</mo><mn>0</mn><mo>,</mo><mo>&#xA0;</mo><mo>&#xA0;</mo><mfrac><mn>1</mn><mn>3</mn></mfrac></mrow></mfenced></math>', '<math xmlns=\"http://www.w3.org/1998/Math/MathML\"><mfenced open=\"{\" close=\"}\"><mrow><mn>3</mn><mo>,</mo><mo>&#xA0;</mo><mo>-</mo><mn>2</mn><mo>,</mo><mo>&#xA0;</mo><mfenced><mrow><mn>1</mn><mo>-</mo><msqrt><mo>-</mo><mn>2</mn></msqrt></mrow></mfenced><mo>,</mo><mo>&#xA0;</mo><msup><mn>6</mn><mn>2</mn></msup></mrow></mfenced></math>', 5, 1);
INSERT INTO `mathonline`.`evaluation` (`id_evaluation`, `id_subtopic`, `question`, `correct_answer`, `wrong_answer_a`, `wrong_answer_b`, `wrong_answer_c`, `points`, `status`) VALUES (148, 4, 'El recíproco de <math xmlns=\"http://www.w3.org/1998/Math/MathML\"><mfrac><mrow><mn>1</mn><mo>+</mo><mn>12</mn><mi>x</mi></mrow><mrow><mn>2</mn><mi>y</mi><mo>+</mo><mn>20</mn></mrow></mfrac></math> es:', '<math xmlns=\"http://www.w3.org/1998/Math/MathML\"><mfrac><mrow><mn>2</mn><mi>y</mi><mo>+</mo><mn>20</mn></mrow><mrow><mn>1</mn><mo>+</mo><mn>12</mn><mi>x</mi></mrow></mfrac></math>', '<math xmlns=\"http://www.w3.org/1998/Math/MathML\"><mn>1</mn><mo>+</mo><mn>12</mn><mi>x</mi></math>', '<math xmlns=\"http://www.w3.org/1998/Math/MathML\"><mn>2</mn><mi>y</mi><mo>+</mo><mn>20</mn></math>', '<math xmlns=\"http://www.w3.org/1998/Math/MathML\"><mfrac><mn>1</mn><mn>2</mn></mfrac><mo>+</mo><mn>0</mn><mo>.</mo><mn>6</mn></math>', 5, 1);
INSERT INTO `mathonline`.`evaluation` (`id_evaluation`, `id_subtopic`, `question`, `correct_answer`, `wrong_answer_a`, `wrong_answer_b`, `wrong_answer_c`, `points`, `status`) VALUES (149, 4, 'Indique el resultado de las siguientes 3 expresiones: <math xmlns=\"http://www.w3.org/1998/Math/MathML\"><mfrac><mrow><mo>-</mo><mn>8</mn></mrow><mrow><mo>-</mo><mn>1</mn></mrow></mfrac><mo>,</mo><mo>&#xA0;</mo><mfrac><mrow><mo>-</mo><mn>8</mn></mrow><mn>0</mn></mfrac><mo>,</mo><mo>&#xA0;</mo><mfrac><mrow><mo>-</mo><mn>8</mn></mrow><mn>1</mn></mfrac><mo>,</mo></math>', '8, indefinido, -8', '-8, indefinido, -8', '8, 0, -8', '-8, 0, -8', 5, 1);
INSERT INTO `mathonline`.`evaluation` (`id_evaluation`, `id_subtopic`, `question`, `correct_answer`, `wrong_answer_a`, `wrong_answer_b`, `wrong_answer_c`, `points`, `status`) VALUES (150, 5, '¿Cuál de los siguientes números es el más grande?', '<math xmlns=\"http://www.w3.org/1998/Math/MathML\"><mfrac><mrow><mn>0</mn><mo>.</mo><mn>1</mn></mrow><mrow><mn>0</mn><mo>.</mo><mn>01</mn></mrow></mfrac></math>', '<math xmlns=\"http://www.w3.org/1998/Math/MathML\"><mfrac><mn>1</mn><mn>10</mn></mfrac></math>', '<math xmlns=\"http://www.w3.org/1998/Math/MathML\"><mfrac><mn>10</mn><mn>1000</mn></mfrac></math>', '<math xmlns=\"http://www.w3.org/1998/Math/MathML\"><mfrac><mrow><mn>0</mn><mo>.</mo><mn>1</mn></mrow><mn>10</mn></mfrac></math>', 5, 1);
INSERT INTO `mathonline`.`evaluation` (`id_evaluation`, `id_subtopic`, `question`, `correct_answer`, `wrong_answer_a`, `wrong_answer_b`, `wrong_answer_c`, `points`, `status`) VALUES (151, 5, '¿Cuál es el valor más cercano a <math xmlns=\"http://www.w3.org/1998/Math/MathML\"><mfrac><mrow><mn>0</mn><mo>.</mo><mn>53</mn><mo>&#xD7;</mo><mn>124</mn></mrow><mn>415</mn></mfrac></math> ?', '0.1', '0.01', '10', '100', 5, 1);
INSERT INTO `mathonline`.`evaluation` (`id_evaluation`, `id_subtopic`, `question`, `correct_answer`, `wrong_answer_a`, `wrong_answer_b`, `wrong_answer_c`, `points`, `status`) VALUES (152, 5, '¿Cuál es el valor más cercano a (4.68 x 29.4 x 50.3)?', '7500', '75000', '75', '750', 5, 1);
INSERT INTO `mathonline`.`evaluation` (`id_evaluation`, `id_subtopic`, `question`, `correct_answer`, `wrong_answer_a`, `wrong_answer_b`, `wrong_answer_c`, `points`, `status`) VALUES (153, 5, 'Una expresión equivalente a <math xmlns=\"http://www.w3.org/1998/Math/MathML\"><mfrac><mrow><msup><mfenced><mrow><mn>4</mn><mi>a</mi><mo>-</mo><mn>3</mn></mrow></mfenced><mn>5</mn></msup><msup><mfenced><mrow><mn>4</mn><mi>a</mi><mo>-</mo><mn>3</mn></mrow></mfenced><mrow><mo>-</mo><mn>3</mn></mrow></msup></mrow><msup><mfenced><mrow><mn>4</mn><mi>a</mi><mo>-</mo><mn>3</mn></mrow></mfenced><mstyle displaystyle=\"true\"><mfrac><mn>2</mn><mn>5</mn></mfrac></mstyle></msup></mfrac></math> es:', '<math xmlns=\"http://www.w3.org/1998/Math/MathML\"><msup><mfenced><mrow><mn>4</mn><mi>a</mi><mo>-</mo><mn>3</mn></mrow></mfenced><mfrac><mn>8</mn><mn>5</mn></mfrac></msup></math>', '<math xmlns=\"http://www.w3.org/1998/Math/MathML\"><msup><mfenced><mrow><mn>4</mn><mi>a</mi><mo>-</mo><mn>3</mn></mrow></mfenced><mn>3</mn></msup></math>', '<math xmlns=\"http://www.w3.org/1998/Math/MathML\"><msup><mfenced><mrow><mn>4</mn><mi>a</mi><mo>-</mo><mn>3</mn></mrow></mfenced><mn>4</mn></msup></math>', '<math xmlns=\"http://www.w3.org/1998/Math/MathML\"><msup><mfenced><mrow><mn>4</mn><mi>a</mi><mo>-</mo><mn>3</mn></mrow></mfenced><mfrac><mn>2</mn><mn>5</mn></mfrac></msup></math>', 5, 1);
INSERT INTO `mathonline`.`evaluation` (`id_evaluation`, `id_subtopic`, `question`, `correct_answer`, `wrong_answer_a`, `wrong_answer_b`, `wrong_answer_c`, `points`, `status`) VALUES (154, 5, 'Al simplificar la expresión <math xmlns=\"http://www.w3.org/1998/Math/MathML\"><msup><mfenced><mrow><mo>-</mo><mfrac><mrow><mn>64</mn><msup><mi>a</mi><mn>4</mn></msup><msup><mi>b</mi><mn>5</mn></msup><msup><mi>c</mi><mn>4</mn></msup><msup><mi>d</mi><mn>7</mn></msup></mrow><mrow><mn>16</mn><msup><mi>a</mi><mn>4</mn></msup><msup><mi>c</mi><mn>3</mn></msup><msup><mi>d</mi><mn>4</mn></msup></mrow></mfrac></mrow></mfenced><mn>2</mn></msup></math> Al simplificar la expresión', '<math xmlns=\"http://www.w3.org/1998/Math/MathML\"><mn>16</mn><msup><mi>a</mi><mn>10</mn></msup><msup><mi>c</mi><mn>2</mn></msup><msup><mi>d</mi><mn>6</mn></msup></math>', '<math xmlns=\"http://www.w3.org/1998/Math/MathML\"><mn>16</mn><msup><mi>a</mi><mn>16</mn></msup><msup><mi>b</mi><mn>5</mn></msup><msup><mi>c</mi><mn>7</mn></msup><msup><mi>d</mi><mn>11</mn></msup></math>', '<math xmlns=\"http://www.w3.org/1998/Math/MathML\"><mn>16</mn><msup><mi>a</mi><mn>8</mn></msup><msup><mi>b</mi><mn>7</mn></msup><msup><mi>c</mi><mn>3</mn></msup><msup><mi>d</mi><mn>6</mn></msup></math>', '<math xmlns=\"http://www.w3.org/1998/Math/MathML\"><mn>16</mn><msup><mi>a</mi><mn>8</mn></msup><msup><mi>b</mi><mn>5</mn></msup><msup><mi>c</mi><mn>7</mn></msup><msup><mi>d</mi><mn>11</mn></msup></math>', 5, 1);
INSERT INTO `mathonline`.`evaluation` (`id_evaluation`, `id_subtopic`, `question`, `correct_answer`, `wrong_answer_a`, `wrong_answer_b`, `wrong_answer_c`, `points`, `status`) VALUES (155, 5, 'El marcador de gasolina de mi auto reporta que cuento todavía con aproximadamente la mitad de un cuarto de tanque. Si yo sé que el tanque de mi auto es de 80 litros y que mi auto rinde en promedio 6.4 kms. por litro, ¿ cuántos kms. puedo recorrer antes de ir a la gasolinera?', '60 kms', '120 kms', '130 kms', '75 kms', 5, 1);
INSERT INTO `mathonline`.`evaluation` (`id_evaluation`, `id_subtopic`, `question`, `correct_answer`, `wrong_answer_a`, `wrong_answer_b`, `wrong_answer_c`, `points`, `status`) VALUES (156, 5, 'El resultado de <math xmlns=\"http://www.w3.org/1998/Math/MathML\"><msup><mfenced><mfrac><mrow><mn>2</mn><mo>.</mo><mn>3</mn><mo>&#xD7;</mo><msup><mn>10</mn><mrow><mo>-</mo><mn>4</mn></mrow></msup><mo>+</mo><mn>5</mn><mo>.</mo><mn>7</mn><mo>&#xD7;</mo><msup><mn>10</mn><mrow><mo>-</mo><mn>4</mn></mrow></msup></mrow><mrow><mn>3</mn><mo>.</mo><mn>24</mn><mo>&#xD7;</mo><msup><mn>10</mn><mrow><mo>-</mo><mn>6</mn></mrow></msup><mo>-</mo><mn>1</mn><mo>.</mo><mn>64</mn><mo>&#xD7;</mo><msup><mn>10</mn><mrow><mo>-</mo><mn>5</mn></mrow></msup></mrow></mfrac></mfenced><mn>2</mn></msup></math> es:', '<math xmlns=\"http://www.w3.org/1998/Math/MathML\"><mn>2</mn><mo>.</mo><mn>5</mn><mo>&#xD7;</mo><msup><mn>10</mn><mn>5</mn></msup></math>', '<math xmlns=\"http://www.w3.org/1998/Math/MathML\"><mn>4</mn><mo>.</mo><mn>5</mn><mo>&#xD7;</mo><msup><mn>10</mn><mrow><mo>-</mo><mn>8</mn></mrow></msup></math>', '<math xmlns=\"http://www.w3.org/1998/Math/MathML\"><mn>5</mn><mo>.</mo><mn>5</mn><mo>&#xD7;</mo><msup><mn>10</mn><mn>8</mn></msup></math>', '<math xmlns=\"http://www.w3.org/1998/Math/MathML\"><mn>3</mn><mo>.</mo><mn>5</mn><mo>&#xD7;</mo><msup><mn>10</mn><mrow><mo>-</mo><mn>10</mn></mrow></msup></math>', 5, 1);
INSERT INTO `mathonline`.`evaluation` (`id_evaluation`, `id_subtopic`, `question`, `correct_answer`, `wrong_answer_a`, `wrong_answer_b`, `wrong_answer_c`, `points`, `status`) VALUES (157, 5, 'El número 0.000 000 034 se puede expresar como:', '<math xmlns=\"http://www.w3.org/1998/Math/MathML\"><mn>3</mn><mo>.</mo><mn>4</mn><mo>&#xD7;</mo><msup><mn>10</mn><mrow><mo>-</mo><mn>8</mn></mrow></msup></math>', '<math xmlns=\"http://www.w3.org/1998/Math/MathML\"><mn>3</mn><mo>.</mo><mn>4</mn><mo>&#xD7;</mo><msup><mn>10</mn><mrow><mo>-</mo><mn>6</mn></mrow></msup></math>', '<math xmlns=\"http://www.w3.org/1998/Math/MathML\"><mn>3</mn><mo>.</mo><mn>4</mn><mo>&#xD7;</mo><msup><mn>10</mn><mrow><mo>-</mo><mn>7</mn></mrow></msup></math>', '<math xmlns=\"http://www.w3.org/1998/Math/MathML\"><mn>3</mn><mo>.</mo><mn>4</mn><mo>&#xD7;</mo><msup><mn>10</mn><mrow><mo>-</mo><mn>9</mn></mrow></msup></math>', 5, 1);
INSERT INTO `mathonline`.`evaluation` (`id_evaluation`, `id_subtopic`, `question`, `correct_answer`, `wrong_answer_a`, `wrong_answer_b`, `wrong_answer_c`, `points`, `status`) VALUES (158, 5, 'El resultado de <math xmlns=\"http://www.w3.org/1998/Math/MathML\"><msup><mfenced><mrow><mn>2</mn><mo>.</mo><mn>5</mn><mo>&#xD7;</mo><msup><mn>10</mn><mrow><mo>-</mo><mn>6</mn></mrow></msup><mo>+</mo><mn>1</mn><mo>.</mo><mn>3</mn><mo>&#xD7;</mo><msup><mn>10</mn><mrow><mo>-</mo><mn>6</mn></mrow></msup></mrow></mfenced><mn>2</mn></msup></math> es:', '<math xmlns=\"http://www.w3.org/1998/Math/MathML\"><mn>1</mn><mo>.</mo><mn>444</mn><mo>&#xD7;</mo><msup><mn>10</mn><mrow><mo>-</mo><mn>11</mn></mrow></msup></math>', '<math xmlns=\"http://www.w3.org/1998/Math/MathML\"><mn>1</mn><mo>.</mo><mn>44</mn><mo>&#xD7;</mo><msup><mn>10</mn><mrow><mo>-</mo><mn>12</mn></mrow></msup></math>', '<math xmlns=\"http://www.w3.org/1998/Math/MathML\"><mn>15</mn><mo>.</mo><mn>5</mn><mo>&#xD7;</mo><msup><mn>10</mn><mrow><mo>-</mo><mn>11</mn></mrow></msup></math>', '<math xmlns=\"http://www.w3.org/1998/Math/MathML\"><mn>3</mn><mo>.</mo><mn>8</mn><mo>&#xD7;</mo><msup><mn>10</mn><mrow><mo>-</mo><mn>12</mn></mrow></msup></math>', 5, 1);
INSERT INTO `mathonline`.`evaluation` (`id_evaluation`, `id_subtopic`, `question`, `correct_answer`, `wrong_answer_a`, `wrong_answer_b`, `wrong_answer_c`, `points`, `status`) VALUES (159, 5, 'Los siguientes números son iguales, EXCEPTO:', '2.3 millones', '<math xmlns=\"http://www.w3.org/1998/Math/MathML\"><mn>2</mn><mo>.</mo><mn>3</mn><mo>&#xD7;</mo><msup><mn>10</mn><mn>9</mn></msup></math>', '2300000000', '2.3 E 9', 5, 1);
INSERT INTO `mathonline`.`evaluation` (`id_evaluation`, `id_subtopic`, `question`, `correct_answer`, `wrong_answer_a`, `wrong_answer_b`, `wrong_answer_c`, `points`, `status`) VALUES (160, 5, 'Un ser humano sano tiene entre <math xmlns=\"http://www.w3.org/1998/Math/MathML\"><mfenced><mrow><mn>4</mn><mo>.</mo><mn>3</mn><mo>&#xA0;</mo><mo>&#xA0;</mo><mi>y</mi><mo>&#xA0;</mo><mo>&#xA0;</mo><mn>10</mn><mo>.</mo><mn>8</mn></mrow></mfenced><mo>&#xD7;</mo><msup><mn>10</mn><mn>9</mn></msup></math> glóbulos blancos por litro de sangre y entre <math xmlns=\"http://www.w3.org/1998/Math/MathML\"><mfenced><mrow><mn>4</mn><mo>.</mo><mn>2</mn><mo>&#xA0;</mo><mo>&#xA0;</mo><mi>y</mi><mo>&#xA0;</mo><mo>&#xA0;</mo><mn>5</mn><mo>.</mo><mn>9</mn></mrow></mfenced><mo>&#xD7;</mo><msup><mn>10</mn><mn>12</mn></msup></math> glóbulos rojos por litro. ¿Cuál de las siguientes aseveraciones se acerca más a la realidad? Un ser humano sano tiene:', 'mil veces más glóbulos rojos que blancos.', 'tres veces más glóbulos rojos que blancos.', 'el mismo número de glóbulos rojos que blancos.', 'treinta veces más glóbulos rojos que blancos.', 5, 1);
INSERT INTO `mathonline`.`evaluation` (`id_evaluation`, `id_subtopic`, `question`, `correct_answer`, `wrong_answer_a`, `wrong_answer_b`, `wrong_answer_c`, `points`, `status`) VALUES (161, 5, '18 minutos expresados como porcentaje de <math xmlns=\"http://www.w3.org/1998/Math/MathML\"><mn>1</mn><mfrac bevelled=\"true\"><mrow><mo>&#xA0;</mo><mn>1</mn></mrow><mn>2</mn></mfrac></math> horas es:', '20%', '16.2%', '5%', '27%', 5, 1);
INSERT INTO `mathonline`.`evaluation` (`id_evaluation`, `id_subtopic`, `question`, `correct_answer`, `wrong_answer_a`, `wrong_answer_b`, `wrong_answer_c`, `points`, `status`) VALUES (162, 5, 'El arquitecto hizo el plano de la fábrica en escala 1:100. ¿De qué tamaño es razonable que aparezcan dibujadas en el plano las puertas de entrada a las oficinas?', '1 cm', '0.1 cm', '10 cm', '0.01 cm', 5, 1);
INSERT INTO `mathonline`.`evaluation` (`id_evaluation`, `id_subtopic`, `question`, `correct_answer`, `wrong_answer_a`, `wrong_answer_b`, `wrong_answer_c`, `points`, `status`) VALUES (163, 5, 'El arquitecto entregó un plano acerca de la remodelación de la oficina, en escala 1:100. ¿Cuál es el tamaño real de la puerta, si en el plano la puerta mide 9mm?', '0.9 metros', '9 metros', '0.09 metros', '0.009 metros', 5, 1);
INSERT INTO `mathonline`.`evaluation` (`id_evaluation`, `id_subtopic`, `question`, `correct_answer`, `wrong_answer_a`, `wrong_answer_b`, `wrong_answer_c`, `points`, `status`) VALUES (164, 5, 'El arquitecto entregó un plano acerca de la remodelación de la oficina, en escala 1:100. ¿De qué tamaño se debe dibujar un escritorio para que éste aparezca a escala?', '9 x 15 mm.', '0.9 x 1.5 mm.', '9 x15 cm.', '90 x 150 mm.', 5, 1);
INSERT INTO `mathonline`.`evaluation` (`id_evaluation`, `id_subtopic`, `question`, `correct_answer`, `wrong_answer_a`, `wrong_answer_b`, `wrong_answer_c`, `points`, `status`) VALUES (165, 5, 'Al comparar la suma 1.6 + 0.47 con 160 + 47, se puede decir que:', 'el segundo resultado es 100 veces más grande que el primero.', 'el primer resultado es 100 veces más grande que el segundo.', 'el segundo resultado es 10 veces más grande que el primero.', 'el primer resultado es 10 veces más grande que el segundo.', 5, 1);
INSERT INTO `mathonline`.`evaluation` (`id_evaluation`, `id_subtopic`, `question`, `correct_answer`, `wrong_answer_a`, `wrong_answer_b`, `wrong_answer_c`, `points`, `status`) VALUES (166, 6, 'Si <math xmlns=\"http://www.w3.org/1998/Math/MathML\"><msub><mi>log</mi><mrow><mn>3</mn><mo>&#xA0;</mo></mrow></msub><mi>x</mi><mo>=</mo><mn>3</mn><mo>,</mo></math> entonces x es igual a:', '<math xmlns=\"http://www.w3.org/1998/Math/MathML\"><msup><mn>3</mn><mn>3</mn></msup></math>', '3/3', '3', '3x3', 5, 1);
INSERT INTO `mathonline`.`evaluation` (`id_evaluation`, `id_subtopic`, `question`, `correct_answer`, `wrong_answer_a`, `wrong_answer_b`, `wrong_answer_c`, `points`, `status`) VALUES (167, 6, 'El <math xmlns=\"http://www.w3.org/1998/Math/MathML\"><msub><mi>log</mi><mn>4</mn></msub><mn>1</mn></math> es igual a:', '0', '4', '1', '-1', 5, 1);
INSERT INTO `mathonline`.`evaluation` (`id_evaluation`, `id_subtopic`, `question`, `correct_answer`, `wrong_answer_a`, `wrong_answer_b`, `wrong_answer_c`, `points`, `status`) VALUES (168, 6, 'Aplica las leyes de logaritmos para encontrar la expresión equivalente a: <math xmlns=\"http://www.w3.org/1998/Math/MathML\"><msub><mi>log</mi><mn>3</mn></msub><mn>5</mn><mo>+</mo><msub><mi>log</mi><mn>3</mn></msub><mn>7</mn></math>', '<math xmlns=\"http://www.w3.org/1998/Math/MathML\"><msub><mi>log</mi><mn>3</mn></msub><mn>35</mn></math>', '<math xmlns=\"http://www.w3.org/1998/Math/MathML\"><msub><mi>log</mi><mn>9</mn></msub><mn>12</mn></math>', '<math xmlns=\"http://www.w3.org/1998/Math/MathML\"><msub><mi>log</mi><mn>9</mn></msub><mn>35</mn></math>', '<math xmlns=\"http://www.w3.org/1998/Math/MathML\"><msub><mi>log</mi><mn>9</mn></msub><mn>12</mn></math>', 5, 1);
INSERT INTO `mathonline`.`evaluation` (`id_evaluation`, `id_subtopic`, `question`, `correct_answer`, `wrong_answer_a`, `wrong_answer_b`, `wrong_answer_c`, `points`, `status`) VALUES (169, 6, 'La expresión <math xmlns=\"http://www.w3.org/1998/Math/MathML\"><mfrac><mrow><mi>log</mi><mo>&#xA0;</mo><mn>3</mn></mrow><mrow><mi>log</mi><mo>&#xA0;</mo><mn>4</mn></mrow></mfrac></math> es equivalente a:', '<math xmlns=\"http://www.w3.org/1998/Math/MathML\"><msub><mi>log</mi><mn>4</mn></msub><mo>&#xA0;</mo><mn>3</mn></math>', '<math xmlns=\"http://www.w3.org/1998/Math/MathML\"><mn>3</mn><mo>&#xD7;</mo><msub><mi>log</mi><mn>4</mn></msub><mo>&#xA0;</mo><mn>3</mn></math>', '<math xmlns=\"http://www.w3.org/1998/Math/MathML\"><mn>4</mn><mo>&#xD7;</mo><msub><mi>log</mi><mn>3</mn></msub><mo>&#xA0;</mo><mn>3</mn></math>', '<math xmlns=\"http://www.w3.org/1998/Math/MathML\"><msub><mi>log</mi><mn>3</mn></msub><mo>&#xA0;</mo><mn>4</mn></math>', 5, 1);
INSERT INTO `mathonline`.`evaluation` (`id_evaluation`, `id_subtopic`, `question`, `correct_answer`, `wrong_answer_a`, `wrong_answer_b`, `wrong_answer_c`, `points`, `status`) VALUES (170, 6, 'Encuentra una expresión equivalente de <math xmlns=\"http://www.w3.org/1998/Math/MathML\"><msub><mi>log</mi><mn>2</mn></msub><mo>&#xA0;</mo><mn>9</mn></math>', '<math xmlns=\"http://www.w3.org/1998/Math/MathML\"><mfrac><mrow><mi>log</mi><mo>&#xA0;</mo><mn>9</mn></mrow><mrow><mi>log</mi><mo>&#xA0;</mo><mn>2</mn></mrow></mfrac></math>', '<math xmlns=\"http://www.w3.org/1998/Math/MathML\"><mi>log</mi><mo>&#xA0;</mo><mn>9</mn><mo>&#xA0;</mo><mo>-</mo><mo>&#xA0;</mo><mi>log</mi><mo>&#xA0;</mo><mn>2</mn></math>', '<math xmlns=\"http://www.w3.org/1998/Math/MathML\"><mi>log</mi><mo>&#xA0;</mo><mn>2</mn><mo>&#xA0;</mo><mo>-</mo><mo>&#xA0;</mo><mi>log</mi><mo>&#xA0;</mo><mn>9</mn></math>', '<math xmlns=\"http://www.w3.org/1998/Math/MathML\"><mfrac><mrow><mi>log</mi><mo>&#xA0;</mo><mn>2</mn></mrow><mrow><mi>log</mi><mo>&#xA0;</mo><mn>9</mn></mrow></mfrac></math>', 5, 1);
INSERT INTO `mathonline`.`evaluation` (`id_evaluation`, `id_subtopic`, `question`, `correct_answer`, `wrong_answer_a`, `wrong_answer_b`, `wrong_answer_c`, `points`, `status`) VALUES (171, 6, 'El <math xmlns=\"http://www.w3.org/1998/Math/MathML\"><msub><mi>log</mi><mn>3</mn></msub><mo>&#xA0;</mo><msup><mn>2</mn><mn>5</mn></msup></math> es igual a:', '<math xmlns=\"http://www.w3.org/1998/Math/MathML\"><mn>5</mn><mo>&#xA0;</mo><msub><mi>log</mi><mn>3</mn></msub><mo>&#xA0;</mo><mn>2</mn></math>', '<math xmlns=\"http://www.w3.org/1998/Math/MathML\"><mn>3</mn><mo>&#xA0;</mo><msub><mi>log</mi><mn>2</mn></msub><mo>&#xA0;</mo><mn>5</mn></math>', '<math xmlns=\"http://www.w3.org/1998/Math/MathML\"><mn>2</mn><mo>&#xA0;</mo><msub><mi>log</mi><mn>3</mn></msub><mo>&#xA0;</mo><mn>5</mn></math>', '<math xmlns=\"http://www.w3.org/1998/Math/MathML\"><mn>3</mn><mo>&#xA0;</mo><msub><mi>log</mi><mn>5</mn></msub><mo>&#xA0;</mo><mn>2</mn></math>', 5, 1);
INSERT INTO `mathonline`.`evaluation` (`id_evaluation`, `id_subtopic`, `question`, `correct_answer`, `wrong_answer_a`, `wrong_answer_b`, `wrong_answer_c`, `points`, `status`) VALUES (172, 6, 'La expresión (log (x+8)log (x-5)) es igual a:', '<math xmlns=\"http://www.w3.org/1998/Math/MathML\"><mi>log</mi><mfenced><mfrac><mrow><mi>x</mi><mo>+</mo><mn>8</mn></mrow><mrow><mi>x</mi><mo>-</mo><mn>5</mn></mrow></mfrac></mfenced></math>', '<math xmlns=\"http://www.w3.org/1998/Math/MathML\"><mi>log</mi><mfenced><mrow><mfenced><mrow><mi>x</mi><mo>-</mo><mn>8</mn></mrow></mfenced><mfenced><mrow><mi>x</mi><mo>+</mo><mn>5</mn></mrow></mfenced></mrow></mfenced></math>', '<math xmlns=\"http://www.w3.org/1998/Math/MathML\"><mi>log</mi><mfenced><mfrac><mrow><mi>x</mi><mo>+</mo><mn>5</mn></mrow><mrow><mi>x</mi><mo>-</mo><mn>8</mn></mrow></mfrac></mfenced></math>', '<math xmlns=\"http://www.w3.org/1998/Math/MathML\"><mi>log</mi><mfenced><mrow><mfenced><mrow><mi>x</mi><mo>+</mo><mn>8</mn></mrow></mfenced><mfenced><mrow><mi>x</mi><mo>-</mo><mn>5</mn></mrow></mfenced></mrow></mfenced></math>', 5, 1);
INSERT INTO `mathonline`.`evaluation` (`id_evaluation`, `id_subtopic`, `question`, `correct_answer`, `wrong_answer_a`, `wrong_answer_b`, `wrong_answer_c`, `points`, `status`) VALUES (173, 6, 'El logaritmo en base 3 de 81 es:', '4', '9', '7', '2', 5, 1);
INSERT INTO `mathonline`.`evaluation` (`id_evaluation`, `id_subtopic`, `question`, `correct_answer`, `wrong_answer_a`, `wrong_answer_b`, `wrong_answer_c`, `points`, `status`) VALUES (174, 6, 'Si <math xmlns=\"http://www.w3.org/1998/Math/MathML\"><msub><mi>log</mi><mn>5</mn></msub><mo>&#xA0;</mo><mi>x</mi><mo>=</mo><mn>5</mn><mo>,</mo></math> entonces x es igual a:', '<math xmlns=\"http://www.w3.org/1998/Math/MathML\"><msup><mn>5</mn><mn>5</mn></msup></math>', '5', '5x5', '5/5', 5, 1);
INSERT INTO `mathonline`.`evaluation` (`id_evaluation`, `id_subtopic`, `question`, `correct_answer`, `wrong_answer_a`, `wrong_answer_b`, `wrong_answer_c`, `points`, `status`) VALUES (175, 6, 'El <math xmlns=\"http://www.w3.org/1998/Math/MathML\"><msub><mi>log</mi><mn>8</mn></msub><mo>&#xA0;</mo><mn>1</mn></math> es igual a:', '0', '8', '1', '-1', 5, 1);
INSERT INTO `mathonline`.`evaluation` (`id_evaluation`, `id_subtopic`, `question`, `correct_answer`, `wrong_answer_a`, `wrong_answer_b`, `wrong_answer_c`, `points`, `status`) VALUES (176, 6, 'Aplica las leyes de logaritmos para encontrar la expresión equivalente a: <math xmlns=\"http://www.w3.org/1998/Math/MathML\"><msub><mi>log</mi><mn>3</mn></msub><mo>&#xA0;</mo><mn>4</mn><mo>+</mo><msub><mi>log</mi><mn>3</mn></msub><mo>&#xA0;</mo><mn>6</mn></math>', '<math xmlns=\"http://www.w3.org/1998/Math/MathML\"><msub><mi>log</mi><mn>3</mn></msub><mo>&#xA0;</mo><mn>24</mn></math>', '<math xmlns=\"http://www.w3.org/1998/Math/MathML\"><msub><mi>log</mi><mn>9</mn></msub><mo>&#xA0;</mo><mn>24</mn></math>', '<math xmlns=\"http://www.w3.org/1998/Math/MathML\"><msub><mi>log</mi><mn>3</mn></msub><mo>&#xA0;</mo><mn>10</mn></math>', '<math xmlns=\"http://www.w3.org/1998/Math/MathML\"><msub><mi>log</mi><mn>9</mn></msub><mo>&#xA0;</mo><mn>10</mn></math>', 5, 1);
INSERT INTO `mathonline`.`evaluation` (`id_evaluation`, `id_subtopic`, `question`, `correct_answer`, `wrong_answer_a`, `wrong_answer_b`, `wrong_answer_c`, `points`, `status`) VALUES (177, 6, 'La expresión <math xmlns=\"http://www.w3.org/1998/Math/MathML\"><mfrac><mrow><mi>log</mi><mo>&#xA0;</mo><mn>4</mn></mrow><mrow><mi>log</mi><mo>&#xA0;</mo><mn>5</mn></mrow></mfrac></math> es equivalente a:', '<math xmlns=\"http://www.w3.org/1998/Math/MathML\"><msub><mi>log</mi><mn>5</mn></msub><mo>&#xA0;</mo><mn>4</mn></math>', '<math xmlns=\"http://www.w3.org/1998/Math/MathML\"><msub><mi>log</mi><mn>4</mn></msub><mo>&#xA0;</mo><mn>5</mn></math>', '<math xmlns=\"http://www.w3.org/1998/Math/MathML\"><mn>5</mn><mo>&#xD7;</mo><msub><mi>log</mi><mn>4</mn></msub><mo>&#xA0;</mo><mn>4</mn></math>', '<math xmlns=\"http://www.w3.org/1998/Math/MathML\"><mn>4</mn><mo>&#xD7;</mo><msub><mi>log</mi><mn>5</mn></msub><mo>&#xA0;</mo><mn>4</mn></math>', 5, 1);
INSERT INTO `mathonline`.`evaluation` (`id_evaluation`, `id_subtopic`, `question`, `correct_answer`, `wrong_answer_a`, `wrong_answer_b`, `wrong_answer_c`, `points`, `status`) VALUES (178, 6, 'Encuentra una expresión equivalente de <math xmlns=\"http://www.w3.org/1998/Math/MathML\"><msub><mi>log</mi><mn>3</mn></msub><mo>&#xA0;</mo><mn>9</mn></math>.', '<math xmlns=\"http://www.w3.org/1998/Math/MathML\"><mfrac><mrow><mi>log</mi><mo>&#xA0;</mo><mn>9</mn></mrow><mrow><mi>log</mi><mo>&#xA0;</mo><mn>3</mn></mrow></mfrac></math>', '<math xmlns=\"http://www.w3.org/1998/Math/MathML\"><mfrac><mrow><mi>log</mi><mo>&#xA0;</mo><mn>3</mn></mrow><mrow><mi>log</mi><mo>&#xA0;</mo><mn>9</mn></mrow></mfrac></math>', '<math xmlns=\"http://www.w3.org/1998/Math/MathML\"><mi>log</mi><mo>&#xA0;</mo><mn>3</mn><mo>-</mo><mi>log</mi><mo>&#xA0;</mo><mn>9</mn></math>', '<math xmlns=\"http://www.w3.org/1998/Math/MathML\"><mi>log</mi><mo>&#xA0;</mo><mn>9</mn><mo>-</mo><mi>log</mi><mo>&#xA0;</mo><mn>3</mn></math>', 5, 1);
INSERT INTO `mathonline`.`evaluation` (`id_evaluation`, `id_subtopic`, `question`, `correct_answer`, `wrong_answer_a`, `wrong_answer_b`, `wrong_answer_c`, `points`, `status`) VALUES (179, 6, 'El <math xmlns=\"http://www.w3.org/1998/Math/MathML\"><msub><mi>log</mi><mn>3</mn></msub><mo>&#xA0;</mo><msup><mn>4</mn><mn>5</mn></msup></math> es igual a:', '<math xmlns=\"http://www.w3.org/1998/Math/MathML\"><mn>5</mn><mo>&#xA0;</mo><msub><mi>log</mi><mn>3</mn></msub><mo>&#xA0;</mo><mn>4</mn></math>', '<math xmlns=\"http://www.w3.org/1998/Math/MathML\"><mn>3</mn><mo>&#xA0;</mo><msub><mi>log</mi><mn>5</mn></msub><mo>&#xA0;</mo><mn>4</mn></math>', '<math xmlns=\"http://www.w3.org/1998/Math/MathML\"><mn>4</mn><mo>&#xA0;</mo><msub><mi>log</mi><mn>3</mn></msub><mo>&#xA0;</mo><mn>5</mn></math>', '<math xmlns=\"http://www.w3.org/1998/Math/MathML\"><mn>3</mn><mo>&#xA0;</mo><msub><mi>log</mi><mn>4</mn></msub><mo>&#xA0;</mo><mn>5</mn></math>', 5, 1);
INSERT INTO `mathonline`.`evaluation` (`id_evaluation`, `id_subtopic`, `question`, `correct_answer`, `wrong_answer_a`, `wrong_answer_b`, `wrong_answer_c`, `points`, `status`) VALUES (180, 6, 'La expresión (log (x+7)log (x-4)) es igual a:', '<math xmlns=\"http://www.w3.org/1998/Math/MathML\"><mi>log</mi><mfenced><mfrac><mrow><mi>x</mi><mo>+</mo><mn>7</mn></mrow><mrow><mi>x</mi><mo>-</mo><mn>4</mn></mrow></mfrac></mfenced></math', '<math xmlns=\"http://www.w3.org/1998/Math/MathML\"><mi>log</mi><mfenced><mrow><mfenced><mrow><mi>x</mi><mo>+</mo><mn>7</mn></mrow></mfenced><mfenced><mrow><mi>x</mi><mo>-</mo><mn>4</mn></mrow></mfenced></mrow></mfenced></math>', '<math xmlns=\"http://www.w3.org/1998/Math/MathML\"><mi>log</mi><mfenced><mfrac><mrow><mi>x</mi><mo>+</mo><mn>4</mn></mrow><mrow><mi>x</mi><mo>-</mo><mn>7</mn></mrow></mfrac></mfenced></math>', '<math xmlns=\"http://www.w3.org/1998/Math/MathML\"><mi>log</mi><mfenced><mrow><mfenced><mrow><mi>x</mi><mo>-</mo><mn>7</mn></mrow></mfenced><mfenced><mrow><mi>x</mi><mo>+</mo><mn>4</mn></mrow></mfenced></mrow></mfenced></math>', 5, 1);
INSERT INTO `mathonline`.`evaluation` (`id_evaluation`, `id_subtopic`, `question`, `correct_answer`, `wrong_answer_a`, `wrong_answer_b`, `wrong_answer_c`, `points`, `status`) VALUES (181, 6, 'El logaritmo en base 5 de 125 es:', '3', '5', '25', '2', 5, 1);

COMMIT;

